id,firstname,lastname,email,email2,profession
100,Meg,Lunsford,Meg.Lunsford@yopmail.com,Meg.Lunsford@gmail.com,police officer
101,Althea,Allare,Althea.Allare@yopmail.com,Althea.Allare@gmail.com,doctor
102,Lelah,Gabrielli,Lelah.Gabrielli@yopmail.com,Lelah.Gabrielli@gmail.com,firefighter
103,Hannis,Friede,Hannis.Friede@yopmail.com,Hannis.Friede@gmail.com,firefighter
104,Barbara,Kenney,Barbara.Kenney@yopmail.com,Barbara.Kenney@gmail.com,police officer
105,Robbi,Niccolo,Robbi.Niccolo@yopmail.com,Robbi.Niccolo@gmail.com,worker
106,Alejandra,Marijo,Alejandra.Marijo@yopmail.com,Alejandra.Marijo@gmail.com,worker
107,Gwenneth,Afton,Gwenneth.Afton@yopmail.com,Gwenneth.Afton@gmail.com,doctor
108,Dianemarie,Thad,Dianemarie.Thad@yopmail.com,Dianemarie.Thad@gmail.com,developer
109,Mireielle,Doig,Mireielle.Doig@yopmail.com,Mireielle.Doig@gmail.com,firefighter
110,Arabel,Bebe,Arabel.Bebe@yopmail.com,Arabel.Bebe@gmail.com,police officer
111,Olwen,Bashemeth,Olwen.Bashemeth@yopmail.com,Olwen.Bashemeth@gmail.com,worker
112,Carmela,Rese,Carmela.Rese@yopmail.com,Carmela.Rese@gmail.com,firefighter
113,Beatriz,Gualtiero,Beatriz.Gualtiero@yopmail.com,Beatriz.Gualtiero@gmail.com,police officer
114,Viki,Zetta,Viki.Zetta@yopmail.com,Viki.Zetta@gmail.com,worker
115,Dede,Hubert,Dede.Hubert@yopmail.com,Dede.Hubert@gmail.com,developer
116,Blinni,Goerke,Blinni.Goerke@yopmail.com,Blinni.Goerke@gmail.com,police officer
117,Zia,Tannie,Zia.Tannie@yopmail.com,Zia.Tannie@gmail.com,police officer
118,Ardeen,Miru,Ardeen.Miru@yopmail.com,Ardeen.Miru@gmail.com,firefighter
119,Mathilda,Malanie,Mathilda.Malanie@yopmail.com,Mathilda.Malanie@gmail.com,firefighter
120,Layla,Graig,Layla.Graig@yopmail.com,Layla.Graig@gmail.com,police officer
121,Gwenneth,My,Gwenneth.My@yopmail.com,Gwenneth.My@gmail.com,firefighter
122,Bobinette,Birdella,Bobinette.Birdella@yopmail.com,Bobinette.Birdella@gmail.com,doctor
123,Lenna,Marijo,Lenna.Marijo@yopmail.com,Lenna.Marijo@gmail.com,developer
124,Dolli,Seessel,Dolli.Seessel@yopmail.com,Dolli.Seessel@gmail.com,police officer
125,Alameda,Stevy,Alameda.Stevy@yopmail.com,Alameda.Stevy@gmail.com,developer
126,Gaylene,Harriman,Gaylene.Harriman@yopmail.com,Gaylene.Harriman@gmail.com,doctor
127,Sara-Ann,Edee,Sara-Ann.Edee@yopmail.com,Sara-Ann.Edee@gmail.com,police officer
128,Therine,Primalia,Therine.Primalia@yopmail.com,Therine.Primalia@gmail.com,firefighter
129,Alisha,Neva,Alisha.Neva@yopmail.com,Alisha.Neva@gmail.com,developer
130,Lily,Gabrielli,Lily.Gabrielli@yopmail.com,Lily.Gabrielli@gmail.com,doctor
131,Shauna,Chick,Shauna.Chick@yopmail.com,Shauna.Chick@gmail.com,police officer
132,Berget,Euridice,Berget.Euridice@yopmail.com,Berget.Euridice@gmail.com,firefighter
133,Ariela,Podvin,Ariela.Podvin@yopmail.com,Ariela.Podvin@gmail.com,developer
134,Margarette,Fiester,Margarette.Fiester@yopmail.com,Margarette.Fiester@gmail.com,worker
135,Sheree,Kaete,Sheree.Kaete@yopmail.com,Sheree.Kaete@gmail.com,worker
136,Aeriela,Roumell,Aeriela.Roumell@yopmail.com,Aeriela.Roumell@gmail.com,developer
137,Chastity,Leary,Chastity.Leary@yopmail.com,Chastity.Leary@gmail.com,doctor
138,Trudie,Winnick,Trudie.Winnick@yopmail.com,Trudie.Winnick@gmail.com,developer
139,Joeann,Friede,Joeann.Friede@yopmail.com,Joeann.Friede@gmail.com,police officer
140,Lynde,Monaco,Lynde.Monaco@yopmail.com,Lynde.Monaco@gmail.com,doctor
141,Renae,Abernon,Renae.Abernon@yopmail.com,Renae.Abernon@gmail.com,developer
142,Donnie,Arvo,Donnie.Arvo@yopmail.com,Donnie.Arvo@gmail.com,worker
143,Lisette,Alabaster,Lisette.Alabaster@yopmail.com,Lisette.Alabaster@gmail.com,doctor
144,Belinda,Letsou,Belinda.Letsou@yopmail.com,Belinda.Letsou@gmail.com,worker
145,Kathi,Ellerey,Kathi.Ellerey@yopmail.com,Kathi.Ellerey@gmail.com,doctor
146,Cyb,Dearborn,Cyb.Dearborn@yopmail.com,Cyb.Dearborn@gmail.com,developer
147,Caryl,Bandeen,Caryl.Bandeen@yopmail.com,Caryl.Bandeen@gmail.com,police officer
148,Mara,Fleeta,Mara.Fleeta@yopmail.com,Mara.Fleeta@gmail.com,developer
149,Carree,Stoller,Carree.Stoller@yopmail.com,Carree.Stoller@gmail.com,doctor
150,Roseline,Baudin,Roseline.Baudin@yopmail.com,Roseline.Baudin@gmail.com,developer
151,Jerry,Marden,Jerry.Marden@yopmail.com,Jerry.Marden@gmail.com,worker
152,Krystle,Obed,Krystle.Obed@yopmail.com,Krystle.Obed@gmail.com,police officer
153,Jobi,Birdella,Jobi.Birdella@yopmail.com,Jobi.Birdella@gmail.com,worker
154,Gratia,Gamaliel,Gratia.Gamaliel@yopmail.com,Gratia.Gamaliel@gmail.com,firefighter
155,Chandra,Marsden,Chandra.Marsden@yopmail.com,Chandra.Marsden@gmail.com,doctor
156,Carilyn,Kiersten,Carilyn.Kiersten@yopmail.com,Carilyn.Kiersten@gmail.com,police officer
157,Ardeen,Carey,Ardeen.Carey@yopmail.com,Ardeen.Carey@gmail.com,worker
158,Janeczka,Norrie,Janeczka.Norrie@yopmail.com,Janeczka.Norrie@gmail.com,police officer
159,Maye,Chesna,Maye.Chesna@yopmail.com,Maye.Chesna@gmail.com,worker
160,Consuela,Vacuva,Consuela.Vacuva@yopmail.com,Consuela.Vacuva@gmail.com,police officer
161,Glynnis,Simmonds,Glynnis.Simmonds@yopmail.com,Glynnis.Simmonds@gmail.com,doctor
162,Danika,Berriman,Danika.Berriman@yopmail.com,Danika.Berriman@gmail.com,firefighter
163,Frances,Ogren,Frances.Ogren@yopmail.com,Frances.Ogren@gmail.com,firefighter
164,Iseabal,O'Rourke,Iseabal.O'Rourke@yopmail.com,Iseabal.O'Rourke@gmail.com,firefighter
165,Diena,Agle,Diena.Agle@yopmail.com,Diena.Agle@gmail.com,police officer
166,Maridel,Kristi,Maridel.Kristi@yopmail.com,Maridel.Kristi@gmail.com,firefighter
167,Marika,Ephrem,Marika.Ephrem@yopmail.com,Marika.Ephrem@gmail.com,worker
168,Tobe,Hortensia,Tobe.Hortensia@yopmail.com,Tobe.Hortensia@gmail.com,worker
169,Adelle,Adore,Adelle.Adore@yopmail.com,Adelle.Adore@gmail.com,firefighter
170,Linzy,Croix,Linzy.Croix@yopmail.com,Linzy.Croix@gmail.com,firefighter
171,Allyce,Argus,Allyce.Argus@yopmail.com,Allyce.Argus@gmail.com,developer
172,Rhoda,Stoller,Rhoda.Stoller@yopmail.com,Rhoda.Stoller@gmail.com,doctor
173,Clary,McGrody,Clary.McGrody@yopmail.com,Clary.McGrody@gmail.com,doctor
174,Lizzie,Wyn,Lizzie.Wyn@yopmail.com,Lizzie.Wyn@gmail.com,doctor
175,Corly,Tufts,Corly.Tufts@yopmail.com,Corly.Tufts@gmail.com,doctor
176,Sybille,Aldric,Sybille.Aldric@yopmail.com,Sybille.Aldric@gmail.com,police officer
177,Natka,Kat,Natka.Kat@yopmail.com,Natka.Kat@gmail.com,worker
178,Cathyleen,Wu,Cathyleen.Wu@yopmail.com,Cathyleen.Wu@gmail.com,police officer
179,Helena,Orelee,Helena.Orelee@yopmail.com,Helena.Orelee@gmail.com,police officer
180,Steffane,Pozzy,Steffane.Pozzy@yopmail.com,Steffane.Pozzy@gmail.com,doctor
181,Augustine,Corilla,Augustine.Corilla@yopmail.com,Augustine.Corilla@gmail.com,doctor
182,Emelina,Ephrem,Emelina.Ephrem@yopmail.com,Emelina.Ephrem@gmail.com,police officer
183,Jenilee,Zamora,Jenilee.Zamora@yopmail.com,Jenilee.Zamora@gmail.com,developer
184,Emma,Adamsen,Emma.Adamsen@yopmail.com,Emma.Adamsen@gmail.com,firefighter
185,Allis,Hepsibah,Allis.Hepsibah@yopmail.com,Allis.Hepsibah@gmail.com,doctor
186,Helena,Leffen,Helena.Leffen@yopmail.com,Helena.Leffen@gmail.com,doctor
187,Joane,Noelyn,Joane.Noelyn@yopmail.com,Joane.Noelyn@gmail.com,doctor
188,Chrystel,Luhe,Chrystel.Luhe@yopmail.com,Chrystel.Luhe@gmail.com,developer
189,Sibella,My,Sibella.My@yopmail.com,Sibella.My@gmail.com,firefighter
190,Sashenka,Shaddock,Sashenka.Shaddock@yopmail.com,Sashenka.Shaddock@gmail.com,worker
191,Zia,Chrystel,Zia.Chrystel@yopmail.com,Zia.Chrystel@gmail.com,firefighter
192,Nikki,Mott,Nikki.Mott@yopmail.com,Nikki.Mott@gmail.com,developer
193,Vita,Jess,Vita.Jess@yopmail.com,Vita.Jess@gmail.com,developer
194,Siana,Pyle,Siana.Pyle@yopmail.com,Siana.Pyle@gmail.com,worker
195,Elie,Baptlsta,Elie.Baptlsta@yopmail.com,Elie.Baptlsta@gmail.com,worker
196,Rozele,Bord,Rozele.Bord@yopmail.com,Rozele.Bord@gmail.com,firefighter
197,Viviene,Kenney,Viviene.Kenney@yopmail.com,Viviene.Kenney@gmail.com,police officer
198,Lizzie,Cristi,Lizzie.Cristi@yopmail.com,Lizzie.Cristi@gmail.com,worker
199,Shaylyn,Roarke,Shaylyn.Roarke@yopmail.com,Shaylyn.Roarke@gmail.com,police officer
200,Amalie,Noman,Amalie.Noman@yopmail.com,Amalie.Noman@gmail.com,doctor
201,Kamilah,Allys,Kamilah.Allys@yopmail.com,Kamilah.Allys@gmail.com,developer
202,Sara-Ann,Berriman,Sara-Ann.Berriman@yopmail.com,Sara-Ann.Berriman@gmail.com,doctor
203,Blinni,Gert,Blinni.Gert@yopmail.com,Blinni.Gert@gmail.com,worker
204,Justinn,Goddard,Justinn.Goddard@yopmail.com,Justinn.Goddard@gmail.com,worker
205,Babita,Loleta,Babita.Loleta@yopmail.com,Babita.Loleta@gmail.com,police officer
206,Chrystel,Fry,Chrystel.Fry@yopmail.com,Chrystel.Fry@gmail.com,worker
207,Ofilia,LaRue,Ofilia.LaRue@yopmail.com,Ofilia.LaRue@gmail.com,developer
208,Kaia,Montgomery,Kaia.Montgomery@yopmail.com,Kaia.Montgomery@gmail.com,worker
209,Elvira,Hourigan,Elvira.Hourigan@yopmail.com,Elvira.Hourigan@gmail.com,police officer
210,Andeee,Odysseus,Andeee.Odysseus@yopmail.com,Andeee.Odysseus@gmail.com,doctor
211,Libbie,Orelee,Libbie.Orelee@yopmail.com,Libbie.Orelee@gmail.com,doctor
212,Gwenneth,Alarise,Gwenneth.Alarise@yopmail.com,Gwenneth.Alarise@gmail.com,police officer
213,Frances,Brady,Frances.Brady@yopmail.com,Frances.Brady@gmail.com,police officer
214,Katuscha,Donoghue,Katuscha.Donoghue@yopmail.com,Katuscha.Donoghue@gmail.com,firefighter
215,Averyl,Dominy,Averyl.Dominy@yopmail.com,Averyl.Dominy@gmail.com,doctor
216,Drucie,Noelyn,Drucie.Noelyn@yopmail.com,Drucie.Noelyn@gmail.com,doctor
217,Ingrid,Bergman,Ingrid.Bergman@yopmail.com,Ingrid.Bergman@gmail.com,doctor
218,Gloria,Kenney,Gloria.Kenney@yopmail.com,Gloria.Kenney@gmail.com,police officer
219,Livvyy,Giff,Livvyy.Giff@yopmail.com,Livvyy.Giff@gmail.com,police officer
220,Ebonee,Kaja,Ebonee.Kaja@yopmail.com,Ebonee.Kaja@gmail.com,doctor
221,Fanchon,Leonard,Fanchon.Leonard@yopmail.com,Fanchon.Leonard@gmail.com,police officer
222,Mignon,Dosia,Mignon.Dosia@yopmail.com,Mignon.Dosia@gmail.com,developer
223,Sharlene,Joseph,Sharlene.Joseph@yopmail.com,Sharlene.Joseph@gmail.com,police officer
224,Vevay,Melleta,Vevay.Melleta@yopmail.com,Vevay.Melleta@gmail.com,worker
225,Dominga,Hourigan,Dominga.Hourigan@yopmail.com,Dominga.Hourigan@gmail.com,police officer
226,Janey,Emanuel,Janey.Emanuel@yopmail.com,Janey.Emanuel@gmail.com,developer
227,Sophia,Sinegold,Sophia.Sinegold@yopmail.com,Sophia.Sinegold@gmail.com,worker
228,Ursulina,Sammons,Ursulina.Sammons@yopmail.com,Ursulina.Sammons@gmail.com,firefighter
229,Raina,Wadell,Raina.Wadell@yopmail.com,Raina.Wadell@gmail.com,worker
230,Kara-Lynn,Nedrud,Kara-Lynn.Nedrud@yopmail.com,Kara-Lynn.Nedrud@gmail.com,developer
231,Tobe,Palocz,Tobe.Palocz@yopmail.com,Tobe.Palocz@gmail.com,worker
232,Trixi,Jaylene,Trixi.Jaylene@yopmail.com,Trixi.Jaylene@gmail.com,developer
233,Kalina,Norrie,Kalina.Norrie@yopmail.com,Kalina.Norrie@gmail.com,doctor
234,Clementine,Land,Clementine.Land@yopmail.com,Clementine.Land@gmail.com,worker
235,Harmonia,Buckler,Harmonia.Buckler@yopmail.com,Harmonia.Buckler@gmail.com,firefighter
236,Bernardine,Ashok,Bernardine.Ashok@yopmail.com,Bernardine.Ashok@gmail.com,worker
237,Hettie,Evvie,Hettie.Evvie@yopmail.com,Hettie.Evvie@gmail.com,firefighter
238,Loree,Tayib,Loree.Tayib@yopmail.com,Loree.Tayib@gmail.com,doctor
239,Minne,Truc,Minne.Truc@yopmail.com,Minne.Truc@gmail.com,doctor
240,Cyb,Holtz,Cyb.Holtz@yopmail.com,Cyb.Holtz@gmail.com,police officer
241,Chloris,Rooney,Chloris.Rooney@yopmail.com,Chloris.Rooney@gmail.com,police officer
242,Florencia,Pernick,Florencia.Pernick@yopmail.com,Florencia.Pernick@gmail.com,worker
243,Hayley,Simmonds,Hayley.Simmonds@yopmail.com,Hayley.Simmonds@gmail.com,police officer
244,Olivette,Rudolph,Olivette.Rudolph@yopmail.com,Olivette.Rudolph@gmail.com,developer
245,Alisha,Alice,Alisha.Alice@yopmail.com,Alisha.Alice@gmail.com,developer
246,Ezmeralda,Lutero,Ezmeralda.Lutero@yopmail.com,Ezmeralda.Lutero@gmail.com,worker
247,Kara-Lynn,Johanna,Kara-Lynn.Johanna@yopmail.com,Kara-Lynn.Johanna@gmail.com,developer
248,Brynna,Rosemary,Brynna.Rosemary@yopmail.com,Brynna.Rosemary@gmail.com,developer
249,Thalia,Tybald,Thalia.Tybald@yopmail.com,Thalia.Tybald@gmail.com,police officer
250,Blake,Obed,Blake.Obed@yopmail.com,Blake.Obed@gmail.com,worker
251,Linet,Bigner,Linet.Bigner@yopmail.com,Linet.Bigner@gmail.com,developer
252,Ana,Rhu,Ana.Rhu@yopmail.com,Ana.Rhu@gmail.com,doctor
253,Courtnay,Meli,Courtnay.Meli@yopmail.com,Courtnay.Meli@gmail.com,firefighter
254,Margalo,Hilbert,Margalo.Hilbert@yopmail.com,Margalo.Hilbert@gmail.com,doctor
255,Mireielle,Yusuk,Mireielle.Yusuk@yopmail.com,Mireielle.Yusuk@gmail.com,worker
256,Cathyleen,Rese,Cathyleen.Rese@yopmail.com,Cathyleen.Rese@gmail.com,worker
257,Felice,Abbot,Felice.Abbot@yopmail.com,Felice.Abbot@gmail.com,worker
258,Tani,Myrilla,Tani.Myrilla@yopmail.com,Tani.Myrilla@gmail.com,police officer
259,Annabela,Papageno,Annabela.Papageno@yopmail.com,Annabela.Papageno@gmail.com,firefighter
260,Kimberley,Gavrila,Kimberley.Gavrila@yopmail.com,Kimberley.Gavrila@gmail.com,doctor
261,Hollie,Evangelia,Hollie.Evangelia@yopmail.com,Hollie.Evangelia@gmail.com,police officer
262,Ashlee,Valoniah,Ashlee.Valoniah@yopmail.com,Ashlee.Valoniah@gmail.com,police officer
263,Rozele,Philipp,Rozele.Philipp@yopmail.com,Rozele.Philipp@gmail.com,police officer
264,Sophia,Ade,Sophia.Ade@yopmail.com,Sophia.Ade@gmail.com,firefighter
265,Wileen,Solitta,Wileen.Solitta@yopmail.com,Wileen.Solitta@gmail.com,police officer
266,Belinda,Georgy,Belinda.Georgy@yopmail.com,Belinda.Georgy@gmail.com,police officer
267,Jenilee,Sidonius,Jenilee.Sidonius@yopmail.com,Jenilee.Sidonius@gmail.com,worker
268,Aurore,Horan,Aurore.Horan@yopmail.com,Aurore.Horan@gmail.com,police officer
269,Oralee,Gabrielli,Oralee.Gabrielli@yopmail.com,Oralee.Gabrielli@gmail.com,firefighter
270,Camile,Westphal,Camile.Westphal@yopmail.com,Camile.Westphal@gmail.com,worker
271,Elfreda,Gert,Elfreda.Gert@yopmail.com,Elfreda.Gert@gmail.com,developer
272,Aigneis,Martguerita,Aigneis.Martguerita@yopmail.com,Aigneis.Martguerita@gmail.com,firefighter
273,Mariann,Concha,Mariann.Concha@yopmail.com,Mariann.Concha@gmail.com,police officer
274,Kaja,Loeb,Kaja.Loeb@yopmail.com,Kaja.Loeb@gmail.com,firefighter
275,Priscilla,Jena,Priscilla.Jena@yopmail.com,Priscilla.Jena@gmail.com,firefighter
276,Darlleen,Borrell,Darlleen.Borrell@yopmail.com,Darlleen.Borrell@gmail.com,police officer
277,Donetta,Garrison,Donetta.Garrison@yopmail.com,Donetta.Garrison@gmail.com,firefighter
278,Sashenka,Jeanne,Sashenka.Jeanne@yopmail.com,Sashenka.Jeanne@gmail.com,police officer
279,Sharlene,Grayce,Sharlene.Grayce@yopmail.com,Sharlene.Grayce@gmail.com,firefighter
280,Georgina,Kolnick,Georgina.Kolnick@yopmail.com,Georgina.Kolnick@gmail.com,firefighter
281,Hallie,Stephie,Hallie.Stephie@yopmail.com,Hallie.Stephie@gmail.com,worker
282,Tiffie,Monk,Tiffie.Monk@yopmail.com,Tiffie.Monk@gmail.com,worker
283,Odessa,Calhoun,Odessa.Calhoun@yopmail.com,Odessa.Calhoun@gmail.com,worker
284,Lexine,Ellord,Lexine.Ellord@yopmail.com,Lexine.Ellord@gmail.com,doctor
285,Carlie,Breed,Carlie.Breed@yopmail.com,Carlie.Breed@gmail.com,firefighter
286,Gianina,Sprage,Gianina.Sprage@yopmail.com,Gianina.Sprage@gmail.com,developer
287,Tiffie,Sherfield,Tiffie.Sherfield@yopmail.com,Tiffie.Sherfield@gmail.com,police officer
288,Gloria,Eiser,Gloria.Eiser@yopmail.com,Gloria.Eiser@gmail.com,firefighter
289,Peri,Chinua,Peri.Chinua@yopmail.com,Peri.Chinua@gmail.com,doctor
290,Britni,Willie,Britni.Willie@yopmail.com,Britni.Willie@gmail.com,doctor
291,Joeann,Vittoria,Joeann.Vittoria@yopmail.com,Joeann.Vittoria@gmail.com,police officer
292,Claudina,Lia,Claudina.Lia@yopmail.com,Claudina.Lia@gmail.com,worker
293,Olwen,Rogerio,Olwen.Rogerio@yopmail.com,Olwen.Rogerio@gmail.com,developer
294,Mamie,Odell,Mamie.Odell@yopmail.com,Mamie.Odell@gmail.com,doctor
295,Lacie,Mich,Lacie.Mich@yopmail.com,Lacie.Mich@gmail.com,worker
296,Mara,Brodench,Mara.Brodench@yopmail.com,Mara.Brodench@gmail.com,doctor
297,Melina,Bobbee,Melina.Bobbee@yopmail.com,Melina.Bobbee@gmail.com,firefighter
298,Clarice,Ioab,Clarice.Ioab@yopmail.com,Clarice.Ioab@gmail.com,developer
299,Maud,Ammann,Maud.Ammann@yopmail.com,Maud.Ammann@gmail.com,developer
300,Morganica,Roumell,Morganica.Roumell@yopmail.com,Morganica.Roumell@gmail.com,firefighter
301,Melodie,Vittoria,Melodie.Vittoria@yopmail.com,Melodie.Vittoria@gmail.com,doctor
302,Asia,Euridice,Asia.Euridice@yopmail.com,Asia.Euridice@gmail.com,police officer
303,Sidoney,Hashim,Sidoney.Hashim@yopmail.com,Sidoney.Hashim@gmail.com,police officer
304,Barbi,Travax,Barbi.Travax@yopmail.com,Barbi.Travax@gmail.com,developer
305,Britte,Leopold,Britte.Leopold@yopmail.com,Britte.Leopold@gmail.com,developer
306,Melina,Chick,Melina.Chick@yopmail.com,Melina.Chick@gmail.com,developer
307,Aurelie,Thomasina,Aurelie.Thomasina@yopmail.com,Aurelie.Thomasina@gmail.com,worker
308,Madeleine,Marlie,Madeleine.Marlie@yopmail.com,Madeleine.Marlie@gmail.com,developer
309,Gavrielle,Erminia,Gavrielle.Erminia@yopmail.com,Gavrielle.Erminia@gmail.com,worker
310,Ada,Aaberg,Ada.Aaberg@yopmail.com,Ada.Aaberg@gmail.com,developer
311,Kristina,Ioab,Kristina.Ioab@yopmail.com,Kristina.Ioab@gmail.com,worker
312,Claresta,Heisel,Claresta.Heisel@yopmail.com,Claresta.Heisel@gmail.com,developer
313,Annice,Alejoa,Annice.Alejoa@yopmail.com,Annice.Alejoa@gmail.com,worker
314,Ofilia,Ferrell,Ofilia.Ferrell@yopmail.com,Ofilia.Ferrell@gmail.com,firefighter
315,Candy,Geffner,Candy.Geffner@yopmail.com,Candy.Geffner@gmail.com,doctor
316,Dulce,Monaco,Dulce.Monaco@yopmail.com,Dulce.Monaco@gmail.com,firefighter
317,Heddie,Orlene,Heddie.Orlene@yopmail.com,Heddie.Orlene@gmail.com,developer
318,Mady,Neils,Mady.Neils@yopmail.com,Mady.Neils@gmail.com,firefighter
319,Kirbee,Selway,Kirbee.Selway@yopmail.com,Kirbee.Selway@gmail.com,police officer
320,Cristabel,Roarke,Cristabel.Roarke@yopmail.com,Cristabel.Roarke@gmail.com,firefighter
321,Johna,Socha,Johna.Socha@yopmail.com,Johna.Socha@gmail.com,firefighter
322,Feliza,Dituri,Feliza.Dituri@yopmail.com,Feliza.Dituri@gmail.com,worker
323,Ekaterina,Jacqui,Ekaterina.Jacqui@yopmail.com,Ekaterina.Jacqui@gmail.com,doctor
324,Ida,Ambrosia,Ida.Ambrosia@yopmail.com,Ida.Ambrosia@gmail.com,police officer
325,Zia,McNully,Zia.McNully@yopmail.com,Zia.McNully@gmail.com,developer
326,Sallie,Francyne,Sallie.Francyne@yopmail.com,Sallie.Francyne@gmail.com,firefighter
327,Kerrin,Whittaker,Kerrin.Whittaker@yopmail.com,Kerrin.Whittaker@gmail.com,worker
328,Wilma,Izaak,Wilma.Izaak@yopmail.com,Wilma.Izaak@gmail.com,doctor
329,Codie,Lane,Codie.Lane@yopmail.com,Codie.Lane@gmail.com,police officer
330,Chickie,Claudine,Chickie.Claudine@yopmail.com,Chickie.Claudine@gmail.com,police officer
331,Ursulina,Melan,Ursulina.Melan@yopmail.com,Ursulina.Melan@gmail.com,developer
332,Merle,Marlie,Merle.Marlie@yopmail.com,Merle.Marlie@gmail.com,developer
333,Yolane,Fennessy,Yolane.Fennessy@yopmail.com,Yolane.Fennessy@gmail.com,firefighter
334,Jolyn,Shuler,Jolyn.Shuler@yopmail.com,Jolyn.Shuler@gmail.com,developer
335,Hermione,Ranjiv,Hermione.Ranjiv@yopmail.com,Hermione.Ranjiv@gmail.com,doctor
336,Roz,Lane,Roz.Lane@yopmail.com,Roz.Lane@gmail.com,firefighter
337,Ashlee,Ashely,Ashlee.Ashely@yopmail.com,Ashlee.Ashely@gmail.com,doctor
338,Corene,Hanleigh,Corene.Hanleigh@yopmail.com,Corene.Hanleigh@gmail.com,worker
339,Drucie,Rocray,Drucie.Rocray@yopmail.com,Drucie.Rocray@gmail.com,firefighter
340,Meriel,Prouty,Meriel.Prouty@yopmail.com,Meriel.Prouty@gmail.com,police officer
341,Mahalia,Meter,Mahalia.Meter@yopmail.com,Mahalia.Meter@gmail.com,worker
342,Florencia,Camden,Florencia.Camden@yopmail.com,Florencia.Camden@gmail.com,police officer
343,Tami,Carvey,Tami.Carvey@yopmail.com,Tami.Carvey@gmail.com,firefighter
344,Eve,Abbot,Eve.Abbot@yopmail.com,Eve.Abbot@gmail.com,doctor
345,Louella,Elephus,Louella.Elephus@yopmail.com,Louella.Elephus@gmail.com,worker
346,Marylou,Gwenore,Marylou.Gwenore@yopmail.com,Marylou.Gwenore@gmail.com,police officer
347,Cindelyn,Zaslow,Cindelyn.Zaslow@yopmail.com,Cindelyn.Zaslow@gmail.com,doctor
348,Rosene,Oriana,Rosene.Oriana@yopmail.com,Rosene.Oriana@gmail.com,worker
349,Linzy,Truc,Linzy.Truc@yopmail.com,Linzy.Truc@gmail.com,developer
350,Marita,Robertson,Marita.Robertson@yopmail.com,Marita.Robertson@gmail.com,developer
351,Inga,Schalles,Inga.Schalles@yopmail.com,Inga.Schalles@gmail.com,firefighter
352,Rozele,Trey,Rozele.Trey@yopmail.com,Rozele.Trey@gmail.com,worker
353,Joane,Atcliffe,Joane.Atcliffe@yopmail.com,Joane.Atcliffe@gmail.com,developer
354,Lorne,Natalia,Lorne.Natalia@yopmail.com,Lorne.Natalia@gmail.com,police officer
355,Micheline,Vary,Micheline.Vary@yopmail.com,Micheline.Vary@gmail.com,firefighter
356,Codie,Wu,Codie.Wu@yopmail.com,Codie.Wu@gmail.com,doctor
357,Molli,Moina,Molli.Moina@yopmail.com,Molli.Moina@gmail.com,worker
358,Nikki,Cleavland,Nikki.Cleavland@yopmail.com,Nikki.Cleavland@gmail.com,doctor
359,Jaime,Irmine,Jaime.Irmine@yopmail.com,Jaime.Irmine@gmail.com,developer
360,Arabel,Eachern,Arabel.Eachern@yopmail.com,Arabel.Eachern@gmail.com,doctor
361,Jinny,Hanleigh,Jinny.Hanleigh@yopmail.com,Jinny.Hanleigh@gmail.com,worker
362,Kial,Jary,Kial.Jary@yopmail.com,Kial.Jary@gmail.com,police officer
363,Susan,Gale,Susan.Gale@yopmail.com,Susan.Gale@gmail.com,worker
364,Quintina,Sekofski,Quintina.Sekofski@yopmail.com,Quintina.Sekofski@gmail.com,firefighter
365,Brooks,Erminia,Brooks.Erminia@yopmail.com,Brooks.Erminia@gmail.com,police officer
366,Ardenia,Kellby,Ardenia.Kellby@yopmail.com,Ardenia.Kellby@gmail.com,police officer
367,Lizzie,Chapland,Lizzie.Chapland@yopmail.com,Lizzie.Chapland@gmail.com,developer
368,Starla,Birdella,Starla.Birdella@yopmail.com,Starla.Birdella@gmail.com,police officer
369,Maryellen,Vorster,Maryellen.Vorster@yopmail.com,Maryellen.Vorster@gmail.com,worker
370,Tilly,Ovid,Tilly.Ovid@yopmail.com,Tilly.Ovid@gmail.com,doctor
371,Therine,Hathaway,Therine.Hathaway@yopmail.com,Therine.Hathaway@gmail.com,police officer
372,Tybie,Aldric,Tybie.Aldric@yopmail.com,Tybie.Aldric@gmail.com,doctor
373,Emma,Tremayne,Emma.Tremayne@yopmail.com,Emma.Tremayne@gmail.com,developer
374,Jan,Ranjiv,Jan.Ranjiv@yopmail.com,Jan.Ranjiv@gmail.com,firefighter
375,Clarice,Ventre,Clarice.Ventre@yopmail.com,Clarice.Ventre@gmail.com,doctor
376,Mara,Smitt,Mara.Smitt@yopmail.com,Mara.Smitt@gmail.com,firefighter
377,Sadie,Secrest,Sadie.Secrest@yopmail.com,Sadie.Secrest@gmail.com,doctor
378,Consuela,Lissi,Consuela.Lissi@yopmail.com,Consuela.Lissi@gmail.com,doctor
379,Jsandye,Alisia,Jsandye.Alisia@yopmail.com,Jsandye.Alisia@gmail.com,developer
380,Karly,Linehan,Karly.Linehan@yopmail.com,Karly.Linehan@gmail.com,doctor
381,Trudie,Liebermann,Trudie.Liebermann@yopmail.com,Trudie.Liebermann@gmail.com,worker
382,Molli,Cath,Molli.Cath@yopmail.com,Molli.Cath@gmail.com,developer
383,Aurelie,Bebe,Aurelie.Bebe@yopmail.com,Aurelie.Bebe@gmail.com,police officer
384,Fernande,Denis,Fernande.Denis@yopmail.com,Fernande.Denis@gmail.com,police officer
385,Candy,Vale,Candy.Vale@yopmail.com,Candy.Vale@gmail.com,doctor
386,Ann-Marie,Zamora,Ann-Marie.Zamora@yopmail.com,Ann-Marie.Zamora@gmail.com,police officer
387,Mallory,Kress,Mallory.Kress@yopmail.com,Mallory.Kress@gmail.com,firefighter
388,Suzette,Raimondo,Suzette.Raimondo@yopmail.com,Suzette.Raimondo@gmail.com,doctor
389,Tressa,Anis,Tressa.Anis@yopmail.com,Tressa.Anis@gmail.com,developer
390,Blondelle,Annabella,Blondelle.Annabella@yopmail.com,Blondelle.Annabella@gmail.com,developer
391,Benita,Elbertina,Benita.Elbertina@yopmail.com,Benita.Elbertina@gmail.com,doctor
392,Hermione,Eiser,Hermione.Eiser@yopmail.com,Hermione.Eiser@gmail.com,firefighter
393,Zsa Zsa,Salvidor,Zsa Zsa.Salvidor@yopmail.com,Zsa Zsa.Salvidor@gmail.com,doctor
394,Magdalena,Philoo,Magdalena.Philoo@yopmail.com,Magdalena.Philoo@gmail.com,firefighter
395,Celene,Sherrie,Celene.Sherrie@yopmail.com,Celene.Sherrie@gmail.com,worker
396,Margette,Ulphia,Margette.Ulphia@yopmail.com,Margette.Ulphia@gmail.com,worker
397,Hettie,Chandler,Hettie.Chandler@yopmail.com,Hettie.Chandler@gmail.com,worker
398,Gisela,Aldric,Gisela.Aldric@yopmail.com,Gisela.Aldric@gmail.com,firefighter
399,Cassondra,Mathilde,Cassondra.Mathilde@yopmail.com,Cassondra.Mathilde@gmail.com,doctor
400,Kirbee,Maples,Kirbee.Maples@yopmail.com,Kirbee.Maples@gmail.com,developer
401,Alyssa,Dorcy,Alyssa.Dorcy@yopmail.com,Alyssa.Dorcy@gmail.com,developer
402,Sheelagh,Atcliffe,Sheelagh.Atcliffe@yopmail.com,Sheelagh.Atcliffe@gmail.com,doctor
403,Jordan,Shanley,Jordan.Shanley@yopmail.com,Jordan.Shanley@gmail.com,doctor
404,Leontine,Adlare,Leontine.Adlare@yopmail.com,Leontine.Adlare@gmail.com,doctor
405,Fred,Ochs,Fred.Ochs@yopmail.com,Fred.Ochs@gmail.com,doctor
406,Ardys,Nadia,Ardys.Nadia@yopmail.com,Ardys.Nadia@gmail.com,firefighter
407,Zaria,Ries,Zaria.Ries@yopmail.com,Zaria.Ries@gmail.com,developer
408,Ermengarde,Manolo,Ermengarde.Manolo@yopmail.com,Ermengarde.Manolo@gmail.com,worker
409,Julieta,Georgy,Julieta.Georgy@yopmail.com,Julieta.Georgy@gmail.com,doctor
410,Basia,Pelagias,Basia.Pelagias@yopmail.com,Basia.Pelagias@gmail.com,police officer
411,Arlena,Cath,Arlena.Cath@yopmail.com,Arlena.Cath@gmail.com,police officer
412,Candy,Ricarda,Candy.Ricarda@yopmail.com,Candy.Ricarda@gmail.com,police officer
413,Belva,Wolfgram,Belva.Wolfgram@yopmail.com,Belva.Wolfgram@gmail.com,police officer
414,Vonny,Greenwald,Vonny.Greenwald@yopmail.com,Vonny.Greenwald@gmail.com,worker
415,Kamilah,Taima,Kamilah.Taima@yopmail.com,Kamilah.Taima@gmail.com,police officer
416,Aeriela,Armanda,Aeriela.Armanda@yopmail.com,Aeriela.Armanda@gmail.com,developer
417,Rosabelle,Isacco,Rosabelle.Isacco@yopmail.com,Rosabelle.Isacco@gmail.com,police officer
418,Starla,Wallis,Starla.Wallis@yopmail.com,Starla.Wallis@gmail.com,developer
419,Tatiania,Elsinore,Tatiania.Elsinore@yopmail.com,Tatiania.Elsinore@gmail.com,developer
420,Dennie,Borrell,Dennie.Borrell@yopmail.com,Dennie.Borrell@gmail.com,developer
421,Bee,Gower,Bee.Gower@yopmail.com,Bee.Gower@gmail.com,police officer
422,Sashenka,Myrilla,Sashenka.Myrilla@yopmail.com,Sashenka.Myrilla@gmail.com,developer
423,Gilda,Yorick,Gilda.Yorick@yopmail.com,Gilda.Yorick@gmail.com,developer
424,Carly,Hunfredo,Carly.Hunfredo@yopmail.com,Carly.Hunfredo@gmail.com,worker
425,Adriana,Pond,Adriana.Pond@yopmail.com,Adriana.Pond@gmail.com,firefighter
426,Valera,Bow,Valera.Bow@yopmail.com,Valera.Bow@gmail.com,worker
427,Ebonee,Magnolia,Ebonee.Magnolia@yopmail.com,Ebonee.Magnolia@gmail.com,developer
428,Kristina,Ummersen,Kristina.Ummersen@yopmail.com,Kristina.Ummersen@gmail.com,developer
429,Vere,Toffic,Vere.Toffic@yopmail.com,Vere.Toffic@gmail.com,police officer
430,Angelique,Margarete,Angelique.Margarete@yopmail.com,Angelique.Margarete@gmail.com,firefighter
431,Johna,Darian,Johna.Darian@yopmail.com,Johna.Darian@gmail.com,doctor
432,Frank,Isacco,Frank.Isacco@yopmail.com,Frank.Isacco@gmail.com,developer
433,Mureil,Ummersen,Mureil.Ummersen@yopmail.com,Mureil.Ummersen@gmail.com,worker
434,Flo,Noam,Flo.Noam@yopmail.com,Flo.Noam@gmail.com,developer
435,Elfreda,Lauraine,Elfreda.Lauraine@yopmail.com,Elfreda.Lauraine@gmail.com,firefighter
436,Mariann,Tatianas,Mariann.Tatianas@yopmail.com,Mariann.Tatianas@gmail.com,developer
437,Loree,Land,Loree.Land@yopmail.com,Loree.Land@gmail.com,doctor
438,Neila,Munn,Neila.Munn@yopmail.com,Neila.Munn@gmail.com,police officer
439,Caritta,Vilma,Caritta.Vilma@yopmail.com,Caritta.Vilma@gmail.com,worker
440,Aurore,Goerke,Aurore.Goerke@yopmail.com,Aurore.Goerke@gmail.com,worker
441,Heddie,Whittaker,Heddie.Whittaker@yopmail.com,Heddie.Whittaker@gmail.com,worker
442,Margalo,Hanleigh,Margalo.Hanleigh@yopmail.com,Margalo.Hanleigh@gmail.com,firefighter
443,Frieda,Joli,Frieda.Joli@yopmail.com,Frieda.Joli@gmail.com,firefighter
444,Tierney,Colyer,Tierney.Colyer@yopmail.com,Tierney.Colyer@gmail.com,worker
445,Raina,Baylor,Raina.Baylor@yopmail.com,Raina.Baylor@gmail.com,doctor
446,Ermengarde,Gombach,Ermengarde.Gombach@yopmail.com,Ermengarde.Gombach@gmail.com,firefighter
447,Catrina,Guthrie,Catrina.Guthrie@yopmail.com,Catrina.Guthrie@gmail.com,worker
448,Marita,Elvyn,Marita.Elvyn@yopmail.com,Marita.Elvyn@gmail.com,firefighter
449,Ernesta,Georas,Ernesta.Georas@yopmail.com,Ernesta.Georas@gmail.com,firefighter
450,Winny,Lattie,Winny.Lattie@yopmail.com,Winny.Lattie@gmail.com,developer
451,Linzy,Geffner,Linzy.Geffner@yopmail.com,Linzy.Geffner@gmail.com,firefighter
452,Veda,Rudolph,Veda.Rudolph@yopmail.com,Veda.Rudolph@gmail.com,doctor
453,Charlena,Willie,Charlena.Willie@yopmail.com,Charlena.Willie@gmail.com,developer
454,Paola,Pyle,Paola.Pyle@yopmail.com,Paola.Pyle@gmail.com,worker
455,Kalina,Letsou,Kalina.Letsou@yopmail.com,Kalina.Letsou@gmail.com,firefighter
456,Tybie,Brunell,Tybie.Brunell@yopmail.com,Tybie.Brunell@gmail.com,doctor
457,Nadine,McGrody,Nadine.McGrody@yopmail.com,Nadine.McGrody@gmail.com,firefighter
458,Christal,Pip,Christal.Pip@yopmail.com,Christal.Pip@gmail.com,worker
459,Julieta,Ax,Julieta.Ax@yopmail.com,Julieta.Ax@gmail.com,doctor
460,Candy,Jalbert,Candy.Jalbert@yopmail.com,Candy.Jalbert@gmail.com,worker
461,Alameda,Cassius,Alameda.Cassius@yopmail.com,Alameda.Cassius@gmail.com,firefighter
462,Ardys,Taam,Ardys.Taam@yopmail.com,Ardys.Taam@gmail.com,firefighter
463,Corene,Kaete,Corene.Kaete@yopmail.com,Corene.Kaete@gmail.com,developer
464,Tilly,Liva,Tilly.Liva@yopmail.com,Tilly.Liva@gmail.com,doctor
465,Aurelie,Ferino,Aurelie.Ferino@yopmail.com,Aurelie.Ferino@gmail.com,firefighter
466,Annice,Linehan,Annice.Linehan@yopmail.com,Annice.Linehan@gmail.com,doctor
467,Edyth,Amethist,Edyth.Amethist@yopmail.com,Edyth.Amethist@gmail.com,firefighter
468,Carilyn,Bendick,Carilyn.Bendick@yopmail.com,Carilyn.Bendick@gmail.com,worker
469,Ida,Romelda,Ida.Romelda@yopmail.com,Ida.Romelda@gmail.com,doctor
470,Sherrie,Montgomery,Sherrie.Montgomery@yopmail.com,Sherrie.Montgomery@gmail.com,firefighter
471,Monika,Chrystel,Monika.Chrystel@yopmail.com,Monika.Chrystel@gmail.com,police officer
472,Elfreda,Reinke,Elfreda.Reinke@yopmail.com,Elfreda.Reinke@gmail.com,worker
473,Merry,Nikaniki,Merry.Nikaniki@yopmail.com,Merry.Nikaniki@gmail.com,police officer
474,Nariko,Margret,Nariko.Margret@yopmail.com,Nariko.Margret@gmail.com,worker
475,Belinda,Silvan,Belinda.Silvan@yopmail.com,Belinda.Silvan@gmail.com,doctor
476,Gaylene,Dawkins,Gaylene.Dawkins@yopmail.com,Gaylene.Dawkins@gmail.com,police officer
477,Abbie,Levey,Abbie.Levey@yopmail.com,Abbie.Levey@gmail.com,developer
478,Angela,Ricarda,Angela.Ricarda@yopmail.com,Angela.Ricarda@gmail.com,doctor
479,Madeleine,Stelle,Madeleine.Stelle@yopmail.com,Madeleine.Stelle@gmail.com,firefighter
480,Jerry,Ellerey,Jerry.Ellerey@yopmail.com,Jerry.Ellerey@gmail.com,firefighter
481,Mureil,Syd,Mureil.Syd@yopmail.com,Mureil.Syd@gmail.com,doctor
482,Delilah,Septima,Delilah.Septima@yopmail.com,Delilah.Septima@gmail.com,doctor
483,Jenda,Zetta,Jenda.Zetta@yopmail.com,Jenda.Zetta@gmail.com,police officer
484,Ariela,Roscoe,Ariela.Roscoe@yopmail.com,Ariela.Roscoe@gmail.com,worker
485,Beverley,Sholley,Beverley.Sholley@yopmail.com,Beverley.Sholley@gmail.com,developer
486,Violet,Hollingsworth,Violet.Hollingsworth@yopmail.com,Violet.Hollingsworth@gmail.com,firefighter
487,Demetris,Pozzy,Demetris.Pozzy@yopmail.com,Demetris.Pozzy@gmail.com,police officer
488,Gilda,Brady,Gilda.Brady@yopmail.com,Gilda.Brady@gmail.com,developer
489,Elka,Gunn,Elka.Gunn@yopmail.com,Elka.Gunn@gmail.com,developer
490,Elsie,Maribeth,Elsie.Maribeth@yopmail.com,Elsie.Maribeth@gmail.com,firefighter
491,Tracey,Imelida,Tracey.Imelida@yopmail.com,Tracey.Imelida@gmail.com,developer
492,Mariele,Pierette,Mariele.Pierette@yopmail.com,Mariele.Pierette@gmail.com,firefighter
493,Ayn,Cimbura,Ayn.Cimbura@yopmail.com,Ayn.Cimbura@gmail.com,police officer
494,Gloria,Havens,Gloria.Havens@yopmail.com,Gloria.Havens@gmail.com,firefighter
495,Carly,Shelba,Carly.Shelba@yopmail.com,Carly.Shelba@gmail.com,doctor
496,Edee,Jacqui,Edee.Jacqui@yopmail.com,Edee.Jacqui@gmail.com,doctor
497,Kittie,Lanita,Kittie.Lanita@yopmail.com,Kittie.Lanita@gmail.com,developer
498,Gui,Lanita,Gui.Lanita@yopmail.com,Gui.Lanita@gmail.com,developer
499,Konstance,Pattin,Konstance.Pattin@yopmail.com,Konstance.Pattin@gmail.com,police officer
500,Aaren,Bonucci,Aaren.Bonucci@yopmail.com,Aaren.Bonucci@gmail.com,doctor
501,Mady,August,Mady.August@yopmail.com,Mady.August@gmail.com,police officer
502,Rochette,Dituri,Rochette.Dituri@yopmail.com,Rochette.Dituri@gmail.com,worker
503,Goldie,Jalbert,Goldie.Jalbert@yopmail.com,Goldie.Jalbert@gmail.com,developer
504,Tracey,Lasley,Tracey.Lasley@yopmail.com,Tracey.Lasley@gmail.com,firefighter
505,Ebonee,Vilma,Ebonee.Vilma@yopmail.com,Ebonee.Vilma@gmail.com,doctor
506,Cathyleen,Hanleigh,Cathyleen.Hanleigh@yopmail.com,Cathyleen.Hanleigh@gmail.com,worker
507,Minda,Dannye,Minda.Dannye@yopmail.com,Minda.Dannye@gmail.com,doctor
508,Ofilia,Francyne,Ofilia.Francyne@yopmail.com,Ofilia.Francyne@gmail.com,developer
509,Doro,Tacye,Doro.Tacye@yopmail.com,Doro.Tacye@gmail.com,firefighter
510,Selma,Eno,Selma.Eno@yopmail.com,Selma.Eno@gmail.com,developer
511,Dode,Huggins,Dode.Huggins@yopmail.com,Dode.Huggins@gmail.com,police officer
512,Merry,Maryanne,Merry.Maryanne@yopmail.com,Merry.Maryanne@gmail.com,police officer
513,Maud,Angelis,Maud.Angelis@yopmail.com,Maud.Angelis@gmail.com,developer
514,Noelle,Kesley,Noelle.Kesley@yopmail.com,Noelle.Kesley@gmail.com,worker
515,Deirdre,Pattin,Deirdre.Pattin@yopmail.com,Deirdre.Pattin@gmail.com,police officer
516,Neila,Woodberry,Neila.Woodberry@yopmail.com,Neila.Woodberry@gmail.com,worker
517,Kore,Glovsky,Kore.Glovsky@yopmail.com,Kore.Glovsky@gmail.com,firefighter
518,Karlee,Old,Karlee.Old@yopmail.com,Karlee.Old@gmail.com,developer
519,Christal,Tristram,Christal.Tristram@yopmail.com,Christal.Tristram@gmail.com,doctor
520,Maridel,Cullin,Maridel.Cullin@yopmail.com,Maridel.Cullin@gmail.com,police officer
521,Cissiee,Chick,Cissiee.Chick@yopmail.com,Cissiee.Chick@gmail.com,police officer
522,Catharine,Gerge,Catharine.Gerge@yopmail.com,Catharine.Gerge@gmail.com,developer
523,Nananne,Eno,Nananne.Eno@yopmail.com,Nananne.Eno@gmail.com,developer
524,Georgetta,Jaylene,Georgetta.Jaylene@yopmail.com,Georgetta.Jaylene@gmail.com,worker
525,Carol-Jean,Rubie,Carol-Jean.Rubie@yopmail.com,Carol-Jean.Rubie@gmail.com,police officer
526,Merle,Hoenack,Merle.Hoenack@yopmail.com,Merle.Hoenack@gmail.com,doctor
527,Bobinette,Cutlerr,Bobinette.Cutlerr@yopmail.com,Bobinette.Cutlerr@gmail.com,firefighter
528,Diena,Rebecka,Diena.Rebecka@yopmail.com,Diena.Rebecka@gmail.com,developer
529,Kathi,Eachern,Kathi.Eachern@yopmail.com,Kathi.Eachern@gmail.com,worker
530,Kore,Alabaster,Kore.Alabaster@yopmail.com,Kore.Alabaster@gmail.com,police officer
531,Allyce,Fosque,Allyce.Fosque@yopmail.com,Allyce.Fosque@gmail.com,firefighter
532,Jacquetta,Thar,Jacquetta.Thar@yopmail.com,Jacquetta.Thar@gmail.com,police officer
533,Quintina,Robertson,Quintina.Robertson@yopmail.com,Quintina.Robertson@gmail.com,worker
534,Consuela,Bobbee,Consuela.Bobbee@yopmail.com,Consuela.Bobbee@gmail.com,developer
535,Sonni,Infield,Sonni.Infield@yopmail.com,Sonni.Infield@gmail.com,police officer
536,Winny,Zrike,Winny.Zrike@yopmail.com,Winny.Zrike@gmail.com,doctor
537,Dorothy,Ramona,Dorothy.Ramona@yopmail.com,Dorothy.Ramona@gmail.com,firefighter
538,Clary,Robertson,Clary.Robertson@yopmail.com,Clary.Robertson@gmail.com,police officer
539,Dania,Kunin,Dania.Kunin@yopmail.com,Dania.Kunin@gmail.com,worker
540,Cassondra,Helve,Cassondra.Helve@yopmail.com,Cassondra.Helve@gmail.com,developer
541,Agnese,Fabiola,Agnese.Fabiola@yopmail.com,Agnese.Fabiola@gmail.com,doctor
542,Arlina,Baudin,Arlina.Baudin@yopmail.com,Arlina.Baudin@gmail.com,worker
543,Thalia,Sherfield,Thalia.Sherfield@yopmail.com,Thalia.Sherfield@gmail.com,doctor
544,Debee,Marcellus,Debee.Marcellus@yopmail.com,Debee.Marcellus@gmail.com,police officer
545,Brandise,Erb,Brandise.Erb@yopmail.com,Brandise.Erb@gmail.com,police officer
546,Paulita,Roche,Paulita.Roche@yopmail.com,Paulita.Roche@gmail.com,police officer
547,Marsiella,Knowling,Marsiella.Knowling@yopmail.com,Marsiella.Knowling@gmail.com,police officer
548,Gabi,Fulmer,Gabi.Fulmer@yopmail.com,Gabi.Fulmer@gmail.com,police officer
549,Arlena,Cressida,Arlena.Cressida@yopmail.com,Arlena.Cressida@gmail.com,police officer
550,Eugine,Chauncey,Eugine.Chauncey@yopmail.com,Eugine.Chauncey@gmail.com,doctor
551,Lynnea,Dannye,Lynnea.Dannye@yopmail.com,Lynnea.Dannye@gmail.com,developer
552,Letizia,Koziara,Letizia.Koziara@yopmail.com,Letizia.Koziara@gmail.com,worker
553,Tiffie,Katrine,Tiffie.Katrine@yopmail.com,Tiffie.Katrine@gmail.com,doctor
554,Georgina,Greyson,Georgina.Greyson@yopmail.com,Georgina.Greyson@gmail.com,firefighter
555,Nannie,Nerita,Nannie.Nerita@yopmail.com,Nannie.Nerita@gmail.com,doctor
556,Gertrud,Faso,Gertrud.Faso@yopmail.com,Gertrud.Faso@gmail.com,doctor
557,Carlie,Ehrman,Carlie.Ehrman@yopmail.com,Carlie.Ehrman@gmail.com,police officer
558,Moyna,McCutcheon,Moyna.McCutcheon@yopmail.com,Moyna.McCutcheon@gmail.com,developer
559,Phylis,Uund,Phylis.Uund@yopmail.com,Phylis.Uund@gmail.com,doctor
560,Vivia,Raseda,Vivia.Raseda@yopmail.com,Vivia.Raseda@gmail.com,doctor
561,Jenilee,Chandler,Jenilee.Chandler@yopmail.com,Jenilee.Chandler@gmail.com,developer
562,Clary,Durware,Clary.Durware@yopmail.com,Clary.Durware@gmail.com,doctor
563,Cherilyn,Cath,Cherilyn.Cath@yopmail.com,Cherilyn.Cath@gmail.com,police officer
564,Talya,Nikaniki,Talya.Nikaniki@yopmail.com,Talya.Nikaniki@gmail.com,worker
565,Suzette,Zitvaa,Suzette.Zitvaa@yopmail.com,Suzette.Zitvaa@gmail.com,developer
566,Kirstin,Willie,Kirstin.Willie@yopmail.com,Kirstin.Willie@gmail.com,worker
567,Rani,McAdams,Rani.McAdams@yopmail.com,Rani.McAdams@gmail.com,doctor
568,Desirae,Sherfield,Desirae.Sherfield@yopmail.com,Desirae.Sherfield@gmail.com,developer
569,Riannon,Hathaway,Riannon.Hathaway@yopmail.com,Riannon.Hathaway@gmail.com,developer
570,Bobbi,Fosque,Bobbi.Fosque@yopmail.com,Bobbi.Fosque@gmail.com,police officer
571,Orelia,Rustice,Orelia.Rustice@yopmail.com,Orelia.Rustice@gmail.com,police officer
572,Elie,Orpah,Elie.Orpah@yopmail.com,Elie.Orpah@gmail.com,doctor
573,Mara,Zrike,Mara.Zrike@yopmail.com,Mara.Zrike@gmail.com,police officer
574,Madeleine,Shields,Madeleine.Shields@yopmail.com,Madeleine.Shields@gmail.com,worker
575,Adriana,Raychel,Adriana.Raychel@yopmail.com,Adriana.Raychel@gmail.com,firefighter
576,Marjie,Kellby,Marjie.Kellby@yopmail.com,Marjie.Kellby@gmail.com,developer
577,Mara,Sherfield,Mara.Sherfield@yopmail.com,Mara.Sherfield@gmail.com,firefighter
578,Chloris,Suzetta,Chloris.Suzetta@yopmail.com,Chloris.Suzetta@gmail.com,developer
579,Ayn,Genna,Ayn.Genna@yopmail.com,Ayn.Genna@gmail.com,police officer
580,Alameda,Riva,Alameda.Riva@yopmail.com,Alameda.Riva@gmail.com,worker
581,Cristine,Winnick,Cristine.Winnick@yopmail.com,Cristine.Winnick@gmail.com,firefighter
582,Larine,Dichy,Larine.Dichy@yopmail.com,Larine.Dichy@gmail.com,firefighter
583,Alejandra,Kosey,Alejandra.Kosey@yopmail.com,Alejandra.Kosey@gmail.com,firefighter
584,Henriette,Niccolo,Henriette.Niccolo@yopmail.com,Henriette.Niccolo@gmail.com,doctor
585,Shirlee,Carbo,Shirlee.Carbo@yopmail.com,Shirlee.Carbo@gmail.com,developer
586,Abbie,Leifeste,Abbie.Leifeste@yopmail.com,Abbie.Leifeste@gmail.com,firefighter
587,Barbara,Sammons,Barbara.Sammons@yopmail.com,Barbara.Sammons@gmail.com,doctor
588,Georgetta,Elsinore,Georgetta.Elsinore@yopmail.com,Georgetta.Elsinore@gmail.com,developer
589,Ulrike,Corilla,Ulrike.Corilla@yopmail.com,Ulrike.Corilla@gmail.com,developer
590,Queenie,Ade,Queenie.Ade@yopmail.com,Queenie.Ade@gmail.com,developer
591,Annaliese,Bendick,Annaliese.Bendick@yopmail.com,Annaliese.Bendick@gmail.com,worker
592,Clarice,Merna,Clarice.Merna@yopmail.com,Clarice.Merna@gmail.com,developer
593,Arlina,Kevon,Arlina.Kevon@yopmail.com,Arlina.Kevon@gmail.com,developer
594,Rosanne,Alexandr,Rosanne.Alexandr@yopmail.com,Rosanne.Alexandr@gmail.com,doctor
595,Ginnie,Greenwald,Ginnie.Greenwald@yopmail.com,Ginnie.Greenwald@gmail.com,firefighter
596,Codie,Granoff,Codie.Granoff@yopmail.com,Codie.Granoff@gmail.com,developer
597,Jacenta,Gladstone,Jacenta.Gladstone@yopmail.com,Jacenta.Gladstone@gmail.com,police officer
598,Leia,Reidar,Leia.Reidar@yopmail.com,Leia.Reidar@gmail.com,worker
599,Larine,Helfand,Larine.Helfand@yopmail.com,Larine.Helfand@gmail.com,firefighter
600,Corly,Kannry,Corly.Kannry@yopmail.com,Corly.Kannry@gmail.com,police officer
601,Nerta,Weitman,Nerta.Weitman@yopmail.com,Nerta.Weitman@gmail.com,developer
602,Grier,Frodi,Grier.Frodi@yopmail.com,Grier.Frodi@gmail.com,developer
603,Ekaterina,Markman,Ekaterina.Markman@yopmail.com,Ekaterina.Markman@gmail.com,firefighter
604,Merci,Tound,Merci.Tound@yopmail.com,Merci.Tound@gmail.com,police officer
605,Lenna,Boehike,Lenna.Boehike@yopmail.com,Lenna.Boehike@gmail.com,doctor
606,Janeczka,Rolf,Janeczka.Rolf@yopmail.com,Janeczka.Rolf@gmail.com,worker
607,Tonia,Nahum,Tonia.Nahum@yopmail.com,Tonia.Nahum@gmail.com,police officer
608,Hettie,Publia,Hettie.Publia@yopmail.com,Hettie.Publia@gmail.com,doctor
609,Tina,Haldas,Tina.Haldas@yopmail.com,Tina.Haldas@gmail.com,developer
610,Genevra,Bonucci,Genevra.Bonucci@yopmail.com,Genevra.Bonucci@gmail.com,worker
611,Selia,Lynn,Selia.Lynn@yopmail.com,Selia.Lynn@gmail.com,doctor
612,Xylina,Lenny,Xylina.Lenny@yopmail.com,Xylina.Lenny@gmail.com,doctor
613,Donnie,Wareing,Donnie.Wareing@yopmail.com,Donnie.Wareing@gmail.com,developer
614,Eolanda,Aaberg,Eolanda.Aaberg@yopmail.com,Eolanda.Aaberg@gmail.com,firefighter
615,Lesly,Screens,Lesly.Screens@yopmail.com,Lesly.Screens@gmail.com,worker
616,Judy,Beebe,Judy.Beebe@yopmail.com,Judy.Beebe@gmail.com,police officer
617,Kary,Hanshaw,Kary.Hanshaw@yopmail.com,Kary.Hanshaw@gmail.com,worker
618,Helena,Gladstone,Helena.Gladstone@yopmail.com,Helena.Gladstone@gmail.com,worker
619,Brietta,Loleta,Brietta.Loleta@yopmail.com,Brietta.Loleta@gmail.com,developer
620,Elvira,Ventre,Elvira.Ventre@yopmail.com,Elvira.Ventre@gmail.com,doctor
621,Alyda,Lory,Alyda.Lory@yopmail.com,Alyda.Lory@gmail.com,worker
622,Alie,Magdalen,Alie.Magdalen@yopmail.com,Alie.Magdalen@gmail.com,worker
623,Max,Bivins,Max.Bivins@yopmail.com,Max.Bivins@gmail.com,developer
624,Ardenia,Kress,Ardenia.Kress@yopmail.com,Ardenia.Kress@gmail.com,worker
625,Rochette,Lynn,Rochette.Lynn@yopmail.com,Rochette.Lynn@gmail.com,worker
626,Elena,Kenwood,Elena.Kenwood@yopmail.com,Elena.Kenwood@gmail.com,doctor
627,Roberta,An,Roberta.An@yopmail.com,Roberta.An@gmail.com,developer
628,Esmeralda,Wadell,Esmeralda.Wadell@yopmail.com,Esmeralda.Wadell@gmail.com,police officer
629,Odessa,Peg,Odessa.Peg@yopmail.com,Odessa.Peg@gmail.com,doctor
630,Cathyleen,Georas,Cathyleen.Georas@yopmail.com,Cathyleen.Georas@gmail.com,police officer
631,Monika,Emerson,Monika.Emerson@yopmail.com,Monika.Emerson@gmail.com,doctor
632,Valera,Erskine,Valera.Erskine@yopmail.com,Valera.Erskine@gmail.com,doctor
633,Mallory,Constancy,Mallory.Constancy@yopmail.com,Mallory.Constancy@gmail.com,developer
634,Hallie,Stevy,Hallie.Stevy@yopmail.com,Hallie.Stevy@gmail.com,police officer
635,Margette,Talia,Margette.Talia@yopmail.com,Margette.Talia@gmail.com,developer
636,Lizzie,Carvey,Lizzie.Carvey@yopmail.com,Lizzie.Carvey@gmail.com,developer
637,Stacey,Ranjiv,Stacey.Ranjiv@yopmail.com,Stacey.Ranjiv@gmail.com,doctor
638,Dorice,Emmy,Dorice.Emmy@yopmail.com,Dorice.Emmy@gmail.com,doctor
639,Flo,Capello,Flo.Capello@yopmail.com,Flo.Capello@gmail.com,developer
640,Therine,Rudolph,Therine.Rudolph@yopmail.com,Therine.Rudolph@gmail.com,developer
641,Kore,Pond,Kore.Pond@yopmail.com,Kore.Pond@gmail.com,worker
642,Mignon,Helve,Mignon.Helve@yopmail.com,Mignon.Helve@gmail.com,police officer
643,Kirbee,Nester,Kirbee.Nester@yopmail.com,Kirbee.Nester@gmail.com,developer
644,Ann-Marie,Pyle,Ann-Marie.Pyle@yopmail.com,Ann-Marie.Pyle@gmail.com,worker
645,Charlena,Ilka,Charlena.Ilka@yopmail.com,Charlena.Ilka@gmail.com,police officer
646,Nicoli,Pond,Nicoli.Pond@yopmail.com,Nicoli.Pond@gmail.com,developer
647,Ninnetta,Cassius,Ninnetta.Cassius@yopmail.com,Ninnetta.Cassius@gmail.com,firefighter
648,Pearline,Newell,Pearline.Newell@yopmail.com,Pearline.Newell@gmail.com,doctor
649,Alexine,Valoniah,Alexine.Valoniah@yopmail.com,Alexine.Valoniah@gmail.com,worker
650,Layla,Bonilla,Layla.Bonilla@yopmail.com,Layla.Bonilla@gmail.com,developer
651,Annaliese,Koziara,Annaliese.Koziara@yopmail.com,Annaliese.Koziara@gmail.com,worker
652,Shel,Thad,Shel.Thad@yopmail.com,Shel.Thad@gmail.com,developer
653,Kore,Mozelle,Kore.Mozelle@yopmail.com,Kore.Mozelle@gmail.com,developer
654,Maurene,Bendick,Maurene.Bendick@yopmail.com,Maurene.Bendick@gmail.com,developer
655,Bertine,Lowry,Bertine.Lowry@yopmail.com,Bertine.Lowry@gmail.com,firefighter
656,Norine,Nunci,Norine.Nunci@yopmail.com,Norine.Nunci@gmail.com,worker
657,Ronna,Lea,Ronna.Lea@yopmail.com,Ronna.Lea@gmail.com,doctor
658,Magdalena,Alfons,Magdalena.Alfons@yopmail.com,Magdalena.Alfons@gmail.com,police officer
659,Nicoli,Stover,Nicoli.Stover@yopmail.com,Nicoli.Stover@gmail.com,firefighter
660,Pierette,Carleen,Pierette.Carleen@yopmail.com,Pierette.Carleen@gmail.com,doctor
661,Deane,Toffic,Deane.Toffic@yopmail.com,Deane.Toffic@gmail.com,worker
662,Gilda,Kravits,Gilda.Kravits@yopmail.com,Gilda.Kravits@gmail.com,worker
663,Gwyneth,Allina,Gwyneth.Allina@yopmail.com,Gwyneth.Allina@gmail.com,doctor
664,Phylis,Ciro,Phylis.Ciro@yopmail.com,Phylis.Ciro@gmail.com,firefighter
665,Mariann,Sherrie,Mariann.Sherrie@yopmail.com,Mariann.Sherrie@gmail.com,developer
666,Alex,Susannah,Alex.Susannah@yopmail.com,Alex.Susannah@gmail.com,developer
667,Concettina,Miru,Concettina.Miru@yopmail.com,Concettina.Miru@gmail.com,worker
668,Alisha,Taam,Alisha.Taam@yopmail.com,Alisha.Taam@gmail.com,developer
669,Tabbatha,Pattin,Tabbatha.Pattin@yopmail.com,Tabbatha.Pattin@gmail.com,doctor
670,Brooks,Buttaro,Brooks.Buttaro@yopmail.com,Brooks.Buttaro@gmail.com,firefighter
671,Tonia,Oriana,Tonia.Oriana@yopmail.com,Tonia.Oriana@gmail.com,firefighter
672,Charmaine,Jotham,Charmaine.Jotham@yopmail.com,Charmaine.Jotham@gmail.com,firefighter
673,Jean,Carbo,Jean.Carbo@yopmail.com,Jean.Carbo@gmail.com,doctor
674,Petronia,Sasnett,Petronia.Sasnett@yopmail.com,Petronia.Sasnett@gmail.com,developer
675,Gusella,Ehrman,Gusella.Ehrman@yopmail.com,Gusella.Ehrman@gmail.com,doctor
676,Beatriz,Medrek,Beatriz.Medrek@yopmail.com,Beatriz.Medrek@gmail.com,doctor
677,Ketti,Riordan,Ketti.Riordan@yopmail.com,Ketti.Riordan@gmail.com,developer
678,Rori,Janene,Rori.Janene@yopmail.com,Rori.Janene@gmail.com,firefighter
679,Nelle,Decato,Nelle.Decato@yopmail.com,Nelle.Decato@gmail.com,police officer
680,Cristabel,Roarke,Cristabel.Roarke@yopmail.com,Cristabel.Roarke@gmail.com,firefighter
681,Caryl,Linehan,Caryl.Linehan@yopmail.com,Caryl.Linehan@gmail.com,police officer
682,Gloria,Gaulin,Gloria.Gaulin@yopmail.com,Gloria.Gaulin@gmail.com,police officer
683,Abbie,Millda,Abbie.Millda@yopmail.com,Abbie.Millda@gmail.com,worker
684,Aryn,Zina,Aryn.Zina@yopmail.com,Aryn.Zina@gmail.com,police officer
685,Daryl,Sabella,Daryl.Sabella@yopmail.com,Daryl.Sabella@gmail.com,firefighter
686,Hettie,Lattie,Hettie.Lattie@yopmail.com,Hettie.Lattie@gmail.com,worker
687,Quintina,Jethro,Quintina.Jethro@yopmail.com,Quintina.Jethro@gmail.com,firefighter
688,Jan,Tannie,Jan.Tannie@yopmail.com,Jan.Tannie@gmail.com,doctor
689,Tami,Erich,Tami.Erich@yopmail.com,Tami.Erich@gmail.com,worker
690,Layla,Ranjiv,Layla.Ranjiv@yopmail.com,Layla.Ranjiv@gmail.com,firefighter
691,Ronna,Gavrila,Ronna.Gavrila@yopmail.com,Ronna.Gavrila@gmail.com,developer
692,Laurene,Deny,Laurene.Deny@yopmail.com,Laurene.Deny@gmail.com,police officer
693,Kellen,Aurelio,Kellen.Aurelio@yopmail.com,Kellen.Aurelio@gmail.com,firefighter
694,Sidoney,Denis,Sidoney.Denis@yopmail.com,Sidoney.Denis@gmail.com,firefighter
695,Glynnis,Millda,Glynnis.Millda@yopmail.com,Glynnis.Millda@gmail.com,developer
696,Gertrud,Virgin,Gertrud.Virgin@yopmail.com,Gertrud.Virgin@gmail.com,police officer
697,Ariela,Elo,Ariela.Elo@yopmail.com,Ariela.Elo@gmail.com,firefighter
698,Bertine,Federica,Bertine.Federica@yopmail.com,Bertine.Federica@gmail.com,worker
699,Jacenta,Revkah,Jacenta.Revkah@yopmail.com,Jacenta.Revkah@gmail.com,developer
700,Janis,Bethany,Janis.Bethany@yopmail.com,Janis.Bethany@gmail.com,developer
701,Molli,Telfer,Molli.Telfer@yopmail.com,Molli.Telfer@gmail.com,police officer
702,Kelly,Gladstone,Kelly.Gladstone@yopmail.com,Kelly.Gladstone@gmail.com,firefighter
703,Benita,Pozzy,Benita.Pozzy@yopmail.com,Benita.Pozzy@gmail.com,firefighter
704,Bee,Cleo,Bee.Cleo@yopmail.com,Bee.Cleo@gmail.com,worker
705,Lyssa,Harl,Lyssa.Harl@yopmail.com,Lyssa.Harl@gmail.com,firefighter
706,Marcy,Denis,Marcy.Denis@yopmail.com,Marcy.Denis@gmail.com,developer
707,Johna,Linskey,Johna.Linskey@yopmail.com,Johna.Linskey@gmail.com,doctor
708,Rivalee,Jaylene,Rivalee.Jaylene@yopmail.com,Rivalee.Jaylene@gmail.com,developer
709,Emma,Destinee,Emma.Destinee@yopmail.com,Emma.Destinee@gmail.com,firefighter
710,Melisent,Norvol,Melisent.Norvol@yopmail.com,Melisent.Norvol@gmail.com,developer
711,Alisha,Ricarda,Alisha.Ricarda@yopmail.com,Alisha.Ricarda@gmail.com,police officer
712,Cathyleen,Jotham,Cathyleen.Jotham@yopmail.com,Cathyleen.Jotham@gmail.com,doctor
713,Daryl,Cimbura,Daryl.Cimbura@yopmail.com,Daryl.Cimbura@gmail.com,police officer
714,Aubrie,Solitta,Aubrie.Solitta@yopmail.com,Aubrie.Solitta@gmail.com,developer
715,Lexine,Dorothy,Lexine.Dorothy@yopmail.com,Lexine.Dorothy@gmail.com,police officer
716,Jeanna,Wyn,Jeanna.Wyn@yopmail.com,Jeanna.Wyn@gmail.com,doctor
717,Corly,Halla,Corly.Halla@yopmail.com,Corly.Halla@gmail.com,firefighter
718,Miquela,Ade,Miquela.Ade@yopmail.com,Miquela.Ade@gmail.com,doctor
719,Mariann,Freddi,Mariann.Freddi@yopmail.com,Mariann.Freddi@gmail.com,firefighter
720,Rhoda,Ellord,Rhoda.Ellord@yopmail.com,Rhoda.Ellord@gmail.com,firefighter
721,Fred,Bollay,Fred.Bollay@yopmail.com,Fred.Bollay@gmail.com,worker
722,Ira,Wooster,Ira.Wooster@yopmail.com,Ira.Wooster@gmail.com,worker
723,Margalo,Pillsbury,Margalo.Pillsbury@yopmail.com,Margalo.Pillsbury@gmail.com,developer
724,Rori,Maisey,Rori.Maisey@yopmail.com,Rori.Maisey@gmail.com,police officer
725,Tonia,Baylor,Tonia.Baylor@yopmail.com,Tonia.Baylor@gmail.com,worker
726,Britte,Lenny,Britte.Lenny@yopmail.com,Britte.Lenny@gmail.com,firefighter
727,Catrina,Ioab,Catrina.Ioab@yopmail.com,Catrina.Ioab@gmail.com,developer
728,Hildegaard,Hanshaw,Hildegaard.Hanshaw@yopmail.com,Hildegaard.Hanshaw@gmail.com,developer
729,Marleah,Peonir,Marleah.Peonir@yopmail.com,Marleah.Peonir@gmail.com,worker
730,Sonni,Mozelle,Sonni.Mozelle@yopmail.com,Sonni.Mozelle@gmail.com,firefighter
731,Maurene,Delila,Maurene.Delila@yopmail.com,Maurene.Delila@gmail.com,worker
732,Quintina,Schonfeld,Quintina.Schonfeld@yopmail.com,Quintina.Schonfeld@gmail.com,police officer
733,Gwenneth,Eliathas,Gwenneth.Eliathas@yopmail.com,Gwenneth.Eliathas@gmail.com,police officer
734,Pearline,Lanita,Pearline.Lanita@yopmail.com,Pearline.Lanita@gmail.com,developer
735,Marylou,Baudin,Marylou.Baudin@yopmail.com,Marylou.Baudin@gmail.com,developer
736,Millie,Hull,Millie.Hull@yopmail.com,Millie.Hull@gmail.com,worker
737,Riannon,Papageno,Riannon.Papageno@yopmail.com,Riannon.Papageno@gmail.com,developer
738,Gale,Adamsen,Gale.Adamsen@yopmail.com,Gale.Adamsen@gmail.com,worker
739,Janeczka,Johnsson,Janeczka.Johnsson@yopmail.com,Janeczka.Johnsson@gmail.com,firefighter
740,Emylee,Flyn,Emylee.Flyn@yopmail.com,Emylee.Flyn@gmail.com,firefighter
741,Lory,Jotham,Lory.Jotham@yopmail.com,Lory.Jotham@gmail.com,doctor
742,Emilia,Ashok,Emilia.Ashok@yopmail.com,Emilia.Ashok@gmail.com,developer
743,Brianna,Clarissa,Brianna.Clarissa@yopmail.com,Brianna.Clarissa@gmail.com,firefighter
744,Beatriz,Suk,Beatriz.Suk@yopmail.com,Beatriz.Suk@gmail.com,doctor
745,Daune,Deny,Daune.Deny@yopmail.com,Daune.Deny@gmail.com,police officer
746,Nita,Lorenz,Nita.Lorenz@yopmail.com,Nita.Lorenz@gmail.com,firefighter
747,Gisela,MacIntosh,Gisela.MacIntosh@yopmail.com,Gisela.MacIntosh@gmail.com,worker
748,Rozele,Ilka,Rozele.Ilka@yopmail.com,Rozele.Ilka@gmail.com,worker
749,Marleah,Sidonius,Marleah.Sidonius@yopmail.com,Marleah.Sidonius@gmail.com,worker
750,Kellen,Boehike,Kellen.Boehike@yopmail.com,Kellen.Boehike@gmail.com,doctor
751,Ericka,Tillford,Ericka.Tillford@yopmail.com,Ericka.Tillford@gmail.com,developer
752,Sindee,Azeria,Sindee.Azeria@yopmail.com,Sindee.Azeria@gmail.com,worker
753,Lizzie,Tamsky,Lizzie.Tamsky@yopmail.com,Lizzie.Tamsky@gmail.com,worker
754,Hollie,Vins,Hollie.Vins@yopmail.com,Hollie.Vins@gmail.com,developer
755,Cathyleen,Jacqui,Cathyleen.Jacqui@yopmail.com,Cathyleen.Jacqui@gmail.com,worker
756,Lanna,Niles,Lanna.Niles@yopmail.com,Lanna.Niles@gmail.com,police officer
757,Rochette,Guildroy,Rochette.Guildroy@yopmail.com,Rochette.Guildroy@gmail.com,police officer
758,Gerianna,Decato,Gerianna.Decato@yopmail.com,Gerianna.Decato@gmail.com,developer
759,Grier,Dominy,Grier.Dominy@yopmail.com,Grier.Dominy@gmail.com,firefighter
760,Minda,Kirbee,Minda.Kirbee@yopmail.com,Minda.Kirbee@gmail.com,worker
761,Lusa,Tyson,Lusa.Tyson@yopmail.com,Lusa.Tyson@gmail.com,firefighter
762,Sybille,Hunfredo,Sybille.Hunfredo@yopmail.com,Sybille.Hunfredo@gmail.com,doctor
763,Ana,Fillbert,Ana.Fillbert@yopmail.com,Ana.Fillbert@gmail.com,police officer
764,Veda,Old,Veda.Old@yopmail.com,Veda.Old@gmail.com,developer
765,Teriann,Ezar,Teriann.Ezar@yopmail.com,Teriann.Ezar@gmail.com,developer
766,Gavrielle,Vins,Gavrielle.Vins@yopmail.com,Gavrielle.Vins@gmail.com,worker
767,Taffy,Redmond,Taffy.Redmond@yopmail.com,Taffy.Redmond@gmail.com,doctor
768,Gilda,Raseda,Gilda.Raseda@yopmail.com,Gilda.Raseda@gmail.com,worker
769,Queenie,Rad,Queenie.Rad@yopmail.com,Queenie.Rad@gmail.com,worker
770,Cissiee,Lauraine,Cissiee.Lauraine@yopmail.com,Cissiee.Lauraine@gmail.com,worker
771,Carilyn,Glenden,Carilyn.Glenden@yopmail.com,Carilyn.Glenden@gmail.com,police officer
772,Devina,Moseley,Devina.Moseley@yopmail.com,Devina.Moseley@gmail.com,worker
773,Isa,Jobi,Isa.Jobi@yopmail.com,Isa.Jobi@gmail.com,doctor
774,Chandra,Sikorski,Chandra.Sikorski@yopmail.com,Chandra.Sikorski@gmail.com,firefighter
775,Marylou,O'Rourke,Marylou.O'Rourke@yopmail.com,Marylou.O'Rourke@gmail.com,doctor
776,Selia,Carvey,Selia.Carvey@yopmail.com,Selia.Carvey@gmail.com,police officer
777,Catharine,Adore,Catharine.Adore@yopmail.com,Catharine.Adore@gmail.com,firefighter
778,Brietta,Amethist,Brietta.Amethist@yopmail.com,Brietta.Amethist@gmail.com,police officer
779,Claudina,Aida,Claudina.Aida@yopmail.com,Claudina.Aida@gmail.com,doctor
780,Renae,Ortrude,Renae.Ortrude@yopmail.com,Renae.Ortrude@gmail.com,firefighter
781,Sibella,Cullin,Sibella.Cullin@yopmail.com,Sibella.Cullin@gmail.com,worker
782,Augustine,Waldron,Augustine.Waldron@yopmail.com,Augustine.Waldron@gmail.com,developer
783,Anestassia,Demitria,Anestassia.Demitria@yopmail.com,Anestassia.Demitria@gmail.com,police officer
784,Beth,Rurik,Beth.Rurik@yopmail.com,Beth.Rurik@gmail.com,worker
785,Marsiella,Haerr,Marsiella.Haerr@yopmail.com,Marsiella.Haerr@gmail.com,firefighter
786,Riannon,Grobe,Riannon.Grobe@yopmail.com,Riannon.Grobe@gmail.com,worker
787,Lelah,Ortrude,Lelah.Ortrude@yopmail.com,Lelah.Ortrude@gmail.com,developer
788,Sam,Kalinda,Sam.Kalinda@yopmail.com,Sam.Kalinda@gmail.com,developer
789,Clary,Milde,Clary.Milde@yopmail.com,Clary.Milde@gmail.com,firefighter
790,Antonietta,Willie,Antonietta.Willie@yopmail.com,Antonietta.Willie@gmail.com,firefighter
791,Catharine,Felecia,Catharine.Felecia@yopmail.com,Catharine.Felecia@gmail.com,firefighter
792,Gianina,Malvino,Gianina.Malvino@yopmail.com,Gianina.Malvino@gmail.com,firefighter
793,Lusa,Guthrie,Lusa.Guthrie@yopmail.com,Lusa.Guthrie@gmail.com,worker
794,Mariele,Gusella,Mariele.Gusella@yopmail.com,Mariele.Gusella@gmail.com,developer
795,Riannon,Pattin,Riannon.Pattin@yopmail.com,Riannon.Pattin@gmail.com,developer
796,Sindee,Chesna,Sindee.Chesna@yopmail.com,Sindee.Chesna@gmail.com,firefighter
797,Madalyn,Emerson,Madalyn.Emerson@yopmail.com,Madalyn.Emerson@gmail.com,doctor
798,Jenda,Graig,Jenda.Graig@yopmail.com,Jenda.Graig@gmail.com,police officer
799,Joleen,Love,Joleen.Love@yopmail.com,Joleen.Love@gmail.com,doctor
800,Cindelyn,Cornelia,Cindelyn.Cornelia@yopmail.com,Cindelyn.Cornelia@gmail.com,doctor
801,Shaylyn,Cornelia,Shaylyn.Cornelia@yopmail.com,Shaylyn.Cornelia@gmail.com,worker
802,Lucy,Huggins,Lucy.Huggins@yopmail.com,Lucy.Huggins@gmail.com,worker
803,Sean,Cristi,Sean.Cristi@yopmail.com,Sean.Cristi@gmail.com,developer
804,Gabi,Schenck,Gabi.Schenck@yopmail.com,Gabi.Schenck@gmail.com,worker
805,Silvana,Honoria,Silvana.Honoria@yopmail.com,Silvana.Honoria@gmail.com,developer
806,Jeanna,Tound,Jeanna.Tound@yopmail.com,Jeanna.Tound@gmail.com,worker
807,Nyssa,Donoghue,Nyssa.Donoghue@yopmail.com,Nyssa.Donoghue@gmail.com,police officer
808,Elora,Andrel,Elora.Andrel@yopmail.com,Elora.Andrel@gmail.com,doctor
809,Ivett,Maribeth,Ivett.Maribeth@yopmail.com,Ivett.Maribeth@gmail.com,doctor
810,Quintina,Saint,Quintina.Saint@yopmail.com,Quintina.Saint@gmail.com,developer
811,Fanny,Wildermuth,Fanny.Wildermuth@yopmail.com,Fanny.Wildermuth@gmail.com,worker
812,Neila,McGrody,Neila.McGrody@yopmail.com,Neila.McGrody@gmail.com,worker
813,Donnie,Helve,Donnie.Helve@yopmail.com,Donnie.Helve@gmail.com,worker
814,Paulita,Daegal,Paulita.Daegal@yopmail.com,Paulita.Daegal@gmail.com,developer
815,Shel,Vacuva,Shel.Vacuva@yopmail.com,Shel.Vacuva@gmail.com,worker
816,Margarette,Thar,Margarette.Thar@yopmail.com,Margarette.Thar@gmail.com,worker
817,Deane,Leler,Deane.Leler@yopmail.com,Deane.Leler@gmail.com,police officer
818,Darci,Sallyann,Darci.Sallyann@yopmail.com,Darci.Sallyann@gmail.com,developer
819,Kristan,Helve,Kristan.Helve@yopmail.com,Kristan.Helve@gmail.com,doctor
820,Carly,Ventre,Carly.Ventre@yopmail.com,Carly.Ventre@gmail.com,police officer
821,Tiffie,Burkle,Tiffie.Burkle@yopmail.com,Tiffie.Burkle@gmail.com,doctor
822,Daune,Ralfston,Daune.Ralfston@yopmail.com,Daune.Ralfston@gmail.com,developer
823,Bernie,Tiffa,Bernie.Tiffa@yopmail.com,Bernie.Tiffa@gmail.com,doctor
824,Yvonne,Nelsen,Yvonne.Nelsen@yopmail.com,Yvonne.Nelsen@gmail.com,developer
825,Kenna,Creamer,Kenna.Creamer@yopmail.com,Kenna.Creamer@gmail.com,firefighter
826,Adriana,Nadia,Adriana.Nadia@yopmail.com,Adriana.Nadia@gmail.com,worker
827,Ashlee,Paine,Ashlee.Paine@yopmail.com,Ashlee.Paine@gmail.com,firefighter
828,Tierney,Gusella,Tierney.Gusella@yopmail.com,Tierney.Gusella@gmail.com,firefighter
829,Zaria,Greenwald,Zaria.Greenwald@yopmail.com,Zaria.Greenwald@gmail.com,developer
830,Hermione,Kermit,Hermione.Kermit@yopmail.com,Hermione.Kermit@gmail.com,developer
831,Ivett,Jaylene,Ivett.Jaylene@yopmail.com,Ivett.Jaylene@gmail.com,developer
832,Feliza,Sadowski,Feliza.Sadowski@yopmail.com,Feliza.Sadowski@gmail.com,firefighter
833,Livvyy,Hutchison,Livvyy.Hutchison@yopmail.com,Livvyy.Hutchison@gmail.com,firefighter
834,Mahalia,Sherfield,Mahalia.Sherfield@yopmail.com,Mahalia.Sherfield@gmail.com,worker
835,Marcy,Elo,Marcy.Elo@yopmail.com,Marcy.Elo@gmail.com,police officer
836,Heddie,Hoban,Heddie.Hoban@yopmail.com,Heddie.Hoban@gmail.com,police officer
837,Caressa,Ellerey,Caressa.Ellerey@yopmail.com,Caressa.Ellerey@gmail.com,developer
838,Molli,Bettine,Molli.Bettine@yopmail.com,Molli.Bettine@gmail.com,worker
839,Adele,Martsen,Adele.Martsen@yopmail.com,Adele.Martsen@gmail.com,worker
840,Mireielle,Koehler,Mireielle.Koehler@yopmail.com,Mireielle.Koehler@gmail.com,firefighter
841,Emilia,Lipson,Emilia.Lipson@yopmail.com,Emilia.Lipson@gmail.com,doctor
842,Lucille,Olnee,Lucille.Olnee@yopmail.com,Lucille.Olnee@gmail.com,developer
843,Tatiania,Sikorski,Tatiania.Sikorski@yopmail.com,Tatiania.Sikorski@gmail.com,police officer
844,Elfreda,Argus,Elfreda.Argus@yopmail.com,Elfreda.Argus@gmail.com,worker
845,Diena,Brackely,Diena.Brackely@yopmail.com,Diena.Brackely@gmail.com,doctor
846,Lilith,Wittie,Lilith.Wittie@yopmail.com,Lilith.Wittie@gmail.com,firefighter
847,Ada,Diann,Ada.Diann@yopmail.com,Ada.Diann@gmail.com,developer
848,Desirae,Alexandr,Desirae.Alexandr@yopmail.com,Desirae.Alexandr@gmail.com,doctor
849,Priscilla,Jary,Priscilla.Jary@yopmail.com,Priscilla.Jary@gmail.com,worker
850,Randa,Winthorpe,Randa.Winthorpe@yopmail.com,Randa.Winthorpe@gmail.com,police officer
851,Carol-Jean,Vastah,Carol-Jean.Vastah@yopmail.com,Carol-Jean.Vastah@gmail.com,firefighter
852,Nyssa,Jobi,Nyssa.Jobi@yopmail.com,Nyssa.Jobi@gmail.com,firefighter
853,Florencia,Olympium,Florencia.Olympium@yopmail.com,Florencia.Olympium@gmail.com,worker
854,Xylina,Uund,Xylina.Uund@yopmail.com,Xylina.Uund@gmail.com,developer
855,Heida,Phaidra,Heida.Phaidra@yopmail.com,Heida.Phaidra@gmail.com,worker
856,Alleen,Huggins,Alleen.Huggins@yopmail.com,Alleen.Huggins@gmail.com,police officer
857,Edyth,Bigner,Edyth.Bigner@yopmail.com,Edyth.Bigner@gmail.com,firefighter
858,Eadie,Travax,Eadie.Travax@yopmail.com,Eadie.Travax@gmail.com,doctor
859,Shirlee,Eachern,Shirlee.Eachern@yopmail.com,Shirlee.Eachern@gmail.com,police officer
860,Layla,Willie,Layla.Willie@yopmail.com,Layla.Willie@gmail.com,worker
861,Dianemarie,Andrel,Dianemarie.Andrel@yopmail.com,Dianemarie.Andrel@gmail.com,doctor
862,Kelly,Elephus,Kelly.Elephus@yopmail.com,Kelly.Elephus@gmail.com,developer
863,Joceline,Roumell,Joceline.Roumell@yopmail.com,Joceline.Roumell@gmail.com,developer
864,Alejandra,Beniamino,Alejandra.Beniamino@yopmail.com,Alejandra.Beniamino@gmail.com,firefighter
865,Shauna,Lytton,Shauna.Lytton@yopmail.com,Shauna.Lytton@gmail.com,worker
866,Jordan,Celestine,Jordan.Celestine@yopmail.com,Jordan.Celestine@gmail.com,police officer
867,Codie,Roche,Codie.Roche@yopmail.com,Codie.Roche@gmail.com,firefighter
868,Eve,Mayeda,Eve.Mayeda@yopmail.com,Eve.Mayeda@gmail.com,doctor
869,Elora,Laurianne,Elora.Laurianne@yopmail.com,Elora.Laurianne@gmail.com,police officer
870,Emma,Janene,Emma.Janene@yopmail.com,Emma.Janene@gmail.com,firefighter
871,Fidelia,Hertzfeld,Fidelia.Hertzfeld@yopmail.com,Fidelia.Hertzfeld@gmail.com,developer
872,Kial,Hathaway,Kial.Hathaway@yopmail.com,Kial.Hathaway@gmail.com,police officer
873,Brooks,Radu,Brooks.Radu@yopmail.com,Brooks.Radu@gmail.com,police officer
874,Dione,Liva,Dione.Liva@yopmail.com,Dione.Liva@gmail.com,doctor
875,Estell,Brian,Estell.Brian@yopmail.com,Estell.Brian@gmail.com,doctor
876,Gerianna,Obed,Gerianna.Obed@yopmail.com,Gerianna.Obed@gmail.com,worker
877,Andeee,Madelene,Andeee.Madelene@yopmail.com,Andeee.Madelene@gmail.com,firefighter
878,Sheree,Peg,Sheree.Peg@yopmail.com,Sheree.Peg@gmail.com,firefighter
879,Karly,Penelopa,Karly.Penelopa@yopmail.com,Karly.Penelopa@gmail.com,police officer
880,Ida,Hamil,Ida.Hamil@yopmail.com,Ida.Hamil@gmail.com,worker
881,Stephanie,Radu,Stephanie.Radu@yopmail.com,Stephanie.Radu@gmail.com,worker
882,Molli,Screens,Molli.Screens@yopmail.com,Molli.Screens@gmail.com,developer
883,Hyacinthe,Carlson,Hyacinthe.Carlson@yopmail.com,Hyacinthe.Carlson@gmail.com,doctor
884,Annora,Freddi,Annora.Freddi@yopmail.com,Annora.Freddi@gmail.com,doctor
885,Verla,Tomasina,Verla.Tomasina@yopmail.com,Verla.Tomasina@gmail.com,police officer
886,Lucille,Drus,Lucille.Drus@yopmail.com,Lucille.Drus@gmail.com,worker
887,Nyssa,Yoko,Nyssa.Yoko@yopmail.com,Nyssa.Yoko@gmail.com,police officer
888,Reeba,Lamoree,Reeba.Lamoree@yopmail.com,Reeba.Lamoree@gmail.com,police officer
889,Genovera,Redmond,Genovera.Redmond@yopmail.com,Genovera.Redmond@gmail.com,worker
890,Kimberley,Ellord,Kimberley.Ellord@yopmail.com,Kimberley.Ellord@gmail.com,worker
891,Hayley,Rooney,Hayley.Rooney@yopmail.com,Hayley.Rooney@gmail.com,doctor
892,Donetta,Bigner,Donetta.Bigner@yopmail.com,Donetta.Bigner@gmail.com,worker
893,Desirae,Marisa,Desirae.Marisa@yopmail.com,Desirae.Marisa@gmail.com,developer
894,Bertine,Hilbert,Bertine.Hilbert@yopmail.com,Bertine.Hilbert@gmail.com,firefighter
895,Christal,Chaing,Christal.Chaing@yopmail.com,Christal.Chaing@gmail.com,worker
896,Chickie,Bobbee,Chickie.Bobbee@yopmail.com,Chickie.Bobbee@gmail.com,developer
897,Silvana,Baptlsta,Silvana.Baptlsta@yopmail.com,Silvana.Baptlsta@gmail.com,doctor
898,Yetty,Caitlin,Yetty.Caitlin@yopmail.com,Yetty.Caitlin@gmail.com,doctor
899,Alia,Dichy,Alia.Dichy@yopmail.com,Alia.Dichy@gmail.com,worker
900,Anallese,Arquit,Anallese.Arquit@yopmail.com,Anallese.Arquit@gmail.com,firefighter
901,Bobbi,Meli,Bobbi.Meli@yopmail.com,Bobbi.Meli@gmail.com,firefighter
902,Romona,Breed,Romona.Breed@yopmail.com,Romona.Breed@gmail.com,worker
903,Diena,Sammons,Diena.Sammons@yopmail.com,Diena.Sammons@gmail.com,developer
904,Edith,Rozanna,Edith.Rozanna@yopmail.com,Edith.Rozanna@gmail.com,developer
905,Candi,McCutcheon,Candi.McCutcheon@yopmail.com,Candi.McCutcheon@gmail.com,firefighter
906,Agnese,Amand,Agnese.Amand@yopmail.com,Agnese.Amand@gmail.com,developer
907,Correy,Vacuva,Correy.Vacuva@yopmail.com,Correy.Vacuva@gmail.com,firefighter
908,Cassandra,Robertson,Cassandra.Robertson@yopmail.com,Cassandra.Robertson@gmail.com,police officer
909,Mildrid,Lucienne,Mildrid.Lucienne@yopmail.com,Mildrid.Lucienne@gmail.com,doctor
910,Minne,Earlie,Minne.Earlie@yopmail.com,Minne.Earlie@gmail.com,doctor
911,Ginnie,Natalia,Ginnie.Natalia@yopmail.com,Ginnie.Natalia@gmail.com,police officer
912,Gianina,Faro,Gianina.Faro@yopmail.com,Gianina.Faro@gmail.com,doctor
913,Gabriellia,Dorcy,Gabriellia.Dorcy@yopmail.com,Gabriellia.Dorcy@gmail.com,worker
914,Janey,Ajay,Janey.Ajay@yopmail.com,Janey.Ajay@gmail.com,firefighter
915,Ana,Tamar,Ana.Tamar@yopmail.com,Ana.Tamar@gmail.com,firefighter
916,Monika,Fairweather,Monika.Fairweather@yopmail.com,Monika.Fairweather@gmail.com,doctor
917,Allyce,Gherardo,Allyce.Gherardo@yopmail.com,Allyce.Gherardo@gmail.com,police officer
918,Leeanne,Haldas,Leeanne.Haldas@yopmail.com,Leeanne.Haldas@gmail.com,developer
919,Juliane,Prober,Juliane.Prober@yopmail.com,Juliane.Prober@gmail.com,worker
920,Heida,Fleeta,Heida.Fleeta@yopmail.com,Heida.Fleeta@gmail.com,worker
921,Amalie,Merna,Amalie.Merna@yopmail.com,Amalie.Merna@gmail.com,firefighter
922,Ana,Arley,Ana.Arley@yopmail.com,Ana.Arley@gmail.com,firefighter
923,Jemie,Montgomery,Jemie.Montgomery@yopmail.com,Jemie.Montgomery@gmail.com,firefighter
924,Alejandra,Gower,Alejandra.Gower@yopmail.com,Alejandra.Gower@gmail.com,police officer
925,Selma,Hepsibah,Selma.Hepsibah@yopmail.com,Selma.Hepsibah@gmail.com,doctor
926,Allis,Helve,Allis.Helve@yopmail.com,Allis.Helve@gmail.com,police officer
927,Sheree,Leopold,Sheree.Leopold@yopmail.com,Sheree.Leopold@gmail.com,police officer
928,Catrina,Ephrem,Catrina.Ephrem@yopmail.com,Catrina.Ephrem@gmail.com,worker
929,Dorene,Gamaliel,Dorene.Gamaliel@yopmail.com,Dorene.Gamaliel@gmail.com,doctor
930,Lonnie,Hoenack,Lonnie.Hoenack@yopmail.com,Lonnie.Hoenack@gmail.com,worker
931,Judy,Darbie,Judy.Darbie@yopmail.com,Judy.Darbie@gmail.com,developer
932,Agnese,Fitzsimmons,Agnese.Fitzsimmons@yopmail.com,Agnese.Fitzsimmons@gmail.com,police officer
933,Althea,Suzetta,Althea.Suzetta@yopmail.com,Althea.Suzetta@gmail.com,doctor
934,Larine,Ophelia,Larine.Ophelia@yopmail.com,Larine.Ophelia@gmail.com,worker
935,Giustina,Herrera,Giustina.Herrera@yopmail.com,Giustina.Herrera@gmail.com,doctor
936,Dolli,Louanna,Dolli.Louanna@yopmail.com,Dolli.Louanna@gmail.com,doctor
937,Cissiee,Hilbert,Cissiee.Hilbert@yopmail.com,Cissiee.Hilbert@gmail.com,doctor
938,Ulrike,Amadas,Ulrike.Amadas@yopmail.com,Ulrike.Amadas@gmail.com,developer
939,Stephanie,Croix,Stephanie.Croix@yopmail.com,Stephanie.Croix@gmail.com,firefighter
940,Calla,Ax,Calla.Ax@yopmail.com,Calla.Ax@gmail.com,firefighter
941,Valeda,Marcellus,Valeda.Marcellus@yopmail.com,Valeda.Marcellus@gmail.com,doctor
942,Letizia,Moseley,Letizia.Moseley@yopmail.com,Letizia.Moseley@gmail.com,developer
943,Selma,Carri,Selma.Carri@yopmail.com,Selma.Carri@gmail.com,doctor
944,Ebonee,Christal,Ebonee.Christal@yopmail.com,Ebonee.Christal@gmail.com,developer
945,Ernesta,Burch,Ernesta.Burch@yopmail.com,Ernesta.Burch@gmail.com,firefighter
946,Mara,Secrest,Mara.Secrest@yopmail.com,Mara.Secrest@gmail.com,worker
947,Christy,Lipson,Christy.Lipson@yopmail.com,Christy.Lipson@gmail.com,doctor
948,Valeda,Poppy,Valeda.Poppy@yopmail.com,Valeda.Poppy@gmail.com,firefighter
949,Teddie,Maryanne,Teddie.Maryanne@yopmail.com,Teddie.Maryanne@gmail.com,developer
950,Barbara,Blake,Barbara.Blake@yopmail.com,Barbara.Blake@gmail.com,police officer
951,Bobinette,Odell,Bobinette.Odell@yopmail.com,Bobinette.Odell@gmail.com,developer
952,Clarice,Wyn,Clarice.Wyn@yopmail.com,Clarice.Wyn@gmail.com,doctor
953,Lanna,Diann,Lanna.Diann@yopmail.com,Lanna.Diann@gmail.com,firefighter
954,Angela,Cottle,Angela.Cottle@yopmail.com,Angela.Cottle@gmail.com,developer
955,Kary,Damarra,Kary.Damarra@yopmail.com,Kary.Damarra@gmail.com,doctor
956,Alyda,Krystle,Alyda.Krystle@yopmail.com,Alyda.Krystle@gmail.com,doctor
957,Celestyna,Mehalek,Celestyna.Mehalek@yopmail.com,Celestyna.Mehalek@gmail.com,worker
958,Anica,Voletta,Anica.Voletta@yopmail.com,Anica.Voletta@gmail.com,police officer
959,Jean,Junie,Jean.Junie@yopmail.com,Jean.Junie@gmail.com,firefighter
960,Devina,Killigrew,Devina.Killigrew@yopmail.com,Devina.Killigrew@gmail.com,worker
961,Wilma,Gunn,Wilma.Gunn@yopmail.com,Wilma.Gunn@gmail.com,worker
962,Edee,Randene,Edee.Randene@yopmail.com,Edee.Randene@gmail.com,worker
963,Brandise,Rocray,Brandise.Rocray@yopmail.com,Brandise.Rocray@gmail.com,firefighter
964,Aryn,Keelia,Aryn.Keelia@yopmail.com,Aryn.Keelia@gmail.com,firefighter
965,Maryellen,Fosque,Maryellen.Fosque@yopmail.com,Maryellen.Fosque@gmail.com,developer
966,Teriann,Salchunas,Teriann.Salchunas@yopmail.com,Teriann.Salchunas@gmail.com,developer
967,Selia,Meter,Selia.Meter@yopmail.com,Selia.Meter@gmail.com,doctor
968,Jacenta,Hazlett,Jacenta.Hazlett@yopmail.com,Jacenta.Hazlett@gmail.com,worker
969,Edee,Behre,Edee.Behre@yopmail.com,Edee.Behre@gmail.com,police officer
970,Kirbee,Iphlgenia,Kirbee.Iphlgenia@yopmail.com,Kirbee.Iphlgenia@gmail.com,firefighter
971,Elsie,Bigner,Elsie.Bigner@yopmail.com,Elsie.Bigner@gmail.com,firefighter
972,Ellette,Haymes,Ellette.Haymes@yopmail.com,Ellette.Haymes@gmail.com,doctor
973,Emma,Drisko,Emma.Drisko@yopmail.com,Emma.Drisko@gmail.com,doctor
974,Alia,Middleton,Alia.Middleton@yopmail.com,Alia.Middleton@gmail.com,police officer
975,Charissa,Lucienne,Charissa.Lucienne@yopmail.com,Charissa.Lucienne@gmail.com,doctor
976,Annora,Verger,Annora.Verger@yopmail.com,Annora.Verger@gmail.com,developer
977,Farrah,Thar,Farrah.Thar@yopmail.com,Farrah.Thar@gmail.com,worker
978,Sidoney,Lubin,Sidoney.Lubin@yopmail.com,Sidoney.Lubin@gmail.com,firefighter
979,Chastity,Klemperer,Chastity.Klemperer@yopmail.com,Chastity.Klemperer@gmail.com,developer
980,Cam,Stilwell,Cam.Stilwell@yopmail.com,Cam.Stilwell@gmail.com,police officer
981,Lolita,Karna,Lolita.Karna@yopmail.com,Lolita.Karna@gmail.com,doctor
982,Sherrie,Allare,Sherrie.Allare@yopmail.com,Sherrie.Allare@gmail.com,worker
983,Ilse,Gino,Ilse.Gino@yopmail.com,Ilse.Gino@gmail.com,doctor
984,Heddie,Myrilla,Heddie.Myrilla@yopmail.com,Heddie.Myrilla@gmail.com,doctor
985,Amelia,Kussell,Amelia.Kussell@yopmail.com,Amelia.Kussell@gmail.com,firefighter
986,Karena,Gombach,Karena.Gombach@yopmail.com,Karena.Gombach@gmail.com,firefighter
987,Misha,Jena,Misha.Jena@yopmail.com,Misha.Jena@gmail.com,firefighter
988,Brena,Charmine,Brena.Charmine@yopmail.com,Brena.Charmine@gmail.com,doctor
989,Beatriz,Bibi,Beatriz.Bibi@yopmail.com,Beatriz.Bibi@gmail.com,doctor
990,Orsola,Oscar,Orsola.Oscar@yopmail.com,Orsola.Oscar@gmail.com,doctor
991,Mara,Ade,Mara.Ade@yopmail.com,Mara.Ade@gmail.com,worker
992,Joy,Margarete,Joy.Margarete@yopmail.com,Joy.Margarete@gmail.com,firefighter
993,Karlee,Koziara,Karlee.Koziara@yopmail.com,Karlee.Koziara@gmail.com,worker
994,Alejandra,Sparhawk,Alejandra.Sparhawk@yopmail.com,Alejandra.Sparhawk@gmail.com,doctor
995,Cyb,Hathaway,Cyb.Hathaway@yopmail.com,Cyb.Hathaway@gmail.com,doctor
996,Amii,Himelman,Amii.Himelman@yopmail.com,Amii.Himelman@gmail.com,developer
997,Genovera,Tremayne,Genovera.Tremayne@yopmail.com,Genovera.Tremayne@gmail.com,developer
998,Lynde,Obed,Lynde.Obed@yopmail.com,Lynde.Obed@gmail.com,firefighter
999,Frances,Lauraine,Frances.Lauraine@yopmail.com,Frances.Lauraine@gmail.com,worker
1000,Tobe,Berne,Tobe.Berne@yopmail.com,Tobe.Berne@gmail.com,worker
1001,Kenna,Loleta,Kenna.Loleta@yopmail.com,Kenna.Loleta@gmail.com,worker
1002,Moyna,Sandye,Moyna.Sandye@yopmail.com,Moyna.Sandye@gmail.com,doctor
1003,Ada,Pillsbury,Ada.Pillsbury@yopmail.com,Ada.Pillsbury@gmail.com,developer
1004,Georgina,Brandice,Georgina.Brandice@yopmail.com,Georgina.Brandice@gmail.com,firefighter
1005,Cherilyn,Colleen,Cherilyn.Colleen@yopmail.com,Cherilyn.Colleen@gmail.com,developer
1006,Rosanne,Yate,Rosanne.Yate@yopmail.com,Rosanne.Yate@gmail.com,doctor
1007,Taffy,Latini,Taffy.Latini@yopmail.com,Taffy.Latini@gmail.com,doctor
1008,Katuscha,Avi,Katuscha.Avi@yopmail.com,Katuscha.Avi@gmail.com,worker
1009,Oralee,Cecile,Oralee.Cecile@yopmail.com,Oralee.Cecile@gmail.com,police officer
1010,Ellette,Monaco,Ellette.Monaco@yopmail.com,Ellette.Monaco@gmail.com,firefighter
1011,Nadine,Reidar,Nadine.Reidar@yopmail.com,Nadine.Reidar@gmail.com,worker
1012,Margarette,Kiersten,Margarette.Kiersten@yopmail.com,Margarette.Kiersten@gmail.com,developer
1013,Deane,Jotham,Deane.Jotham@yopmail.com,Deane.Jotham@gmail.com,worker
1014,Andree,Maryanne,Andree.Maryanne@yopmail.com,Andree.Maryanne@gmail.com,developer
1015,Concettina,Persse,Concettina.Persse@yopmail.com,Concettina.Persse@gmail.com,worker
1016,Marti,Hepsibah,Marti.Hepsibah@yopmail.com,Marti.Hepsibah@gmail.com,developer
1017,Zsa Zsa,Mata,Zsa Zsa.Mata@yopmail.com,Zsa Zsa.Mata@gmail.com,firefighter
1018,Nicoli,Bultman,Nicoli.Bultman@yopmail.com,Nicoli.Bultman@gmail.com,developer
1019,Cassandra,Brady,Cassandra.Brady@yopmail.com,Cassandra.Brady@gmail.com,doctor
1020,Binny,Verger,Binny.Verger@yopmail.com,Binny.Verger@gmail.com,worker
1021,Brandise,Chobot,Brandise.Chobot@yopmail.com,Brandise.Chobot@gmail.com,doctor
1022,Genovera,Rudolph,Genovera.Rudolph@yopmail.com,Genovera.Rudolph@gmail.com,doctor
1023,Vinita,Seessel,Vinita.Seessel@yopmail.com,Vinita.Seessel@gmail.com,doctor
1024,Stevana,Thornburg,Stevana.Thornburg@yopmail.com,Stevana.Thornburg@gmail.com,firefighter
1025,Fernande,Atonsah,Fernande.Atonsah@yopmail.com,Fernande.Atonsah@gmail.com,worker
1026,Rani,Joseph,Rani.Joseph@yopmail.com,Rani.Joseph@gmail.com,firefighter
1027,Eolanda,Ax,Eolanda.Ax@yopmail.com,Eolanda.Ax@gmail.com,worker
1028,Nariko,Gaulin,Nariko.Gaulin@yopmail.com,Nariko.Gaulin@gmail.com,developer
1029,Vevay,Jagir,Vevay.Jagir@yopmail.com,Vevay.Jagir@gmail.com,worker
1030,Marinna,Callista,Marinna.Callista@yopmail.com,Marinna.Callista@gmail.com,firefighter
1031,Nickie,Dahlia,Nickie.Dahlia@yopmail.com,Nickie.Dahlia@gmail.com,worker
1032,Ardenia,Garrison,Ardenia.Garrison@yopmail.com,Ardenia.Garrison@gmail.com,police officer
1033,Riannon,Verger,Riannon.Verger@yopmail.com,Riannon.Verger@gmail.com,doctor
1034,Jobi,Ilka,Jobi.Ilka@yopmail.com,Jobi.Ilka@gmail.com,police officer
1035,Violet,Pyle,Violet.Pyle@yopmail.com,Violet.Pyle@gmail.com,police officer
1036,Lorie,Lubin,Lorie.Lubin@yopmail.com,Lorie.Lubin@gmail.com,firefighter
1037,Christal,Eben,Christal.Eben@yopmail.com,Christal.Eben@gmail.com,doctor
1038,Gilda,Hortensia,Gilda.Hortensia@yopmail.com,Gilda.Hortensia@gmail.com,police officer
1039,Sadie,Macey,Sadie.Macey@yopmail.com,Sadie.Macey@gmail.com,doctor
1040,Mahalia,Andrel,Mahalia.Andrel@yopmail.com,Mahalia.Andrel@gmail.com,developer
1041,Alex,Ophelia,Alex.Ophelia@yopmail.com,Alex.Ophelia@gmail.com,worker
1042,Morganica,Berriman,Morganica.Berriman@yopmail.com,Morganica.Berriman@gmail.com,worker
1043,Gloria,Bettine,Gloria.Bettine@yopmail.com,Gloria.Bettine@gmail.com,doctor
1044,Dagmar,Ivens,Dagmar.Ivens@yopmail.com,Dagmar.Ivens@gmail.com,doctor
1045,Doro,Schroth,Doro.Schroth@yopmail.com,Doro.Schroth@gmail.com,worker
1046,Lauryn,Sacken,Lauryn.Sacken@yopmail.com,Lauryn.Sacken@gmail.com,developer
1047,Ilse,Hilbert,Ilse.Hilbert@yopmail.com,Ilse.Hilbert@gmail.com,worker
1048,Drucie,Byrne,Drucie.Byrne@yopmail.com,Drucie.Byrne@gmail.com,worker
1049,Jemie,Alisia,Jemie.Alisia@yopmail.com,Jemie.Alisia@gmail.com,worker
1050,Randa,Bandeen,Randa.Bandeen@yopmail.com,Randa.Bandeen@gmail.com,police officer
1051,Justinn,Old,Justinn.Old@yopmail.com,Justinn.Old@gmail.com,doctor
1052,Rhea,Jagir,Rhea.Jagir@yopmail.com,Rhea.Jagir@gmail.com,worker
1053,Lynea,Lewes,Lynea.Lewes@yopmail.com,Lynea.Lewes@gmail.com,developer
1054,Lenna,Marden,Lenna.Marden@yopmail.com,Lenna.Marden@gmail.com,worker
1055,Jacquetta,Jena,Jacquetta.Jena@yopmail.com,Jacquetta.Jena@gmail.com,doctor
1056,Kassey,Byrne,Kassey.Byrne@yopmail.com,Kassey.Byrne@gmail.com,firefighter
1057,Christian,Carmena,Christian.Carmena@yopmail.com,Christian.Carmena@gmail.com,firefighter
1058,Brianna,Zetta,Brianna.Zetta@yopmail.com,Brianna.Zetta@gmail.com,doctor
1059,Jasmina,Dorothy,Jasmina.Dorothy@yopmail.com,Jasmina.Dorothy@gmail.com,doctor
1060,Johna,Salchunas,Johna.Salchunas@yopmail.com,Johna.Salchunas@gmail.com,police officer
1061,Elsie,Anis,Elsie.Anis@yopmail.com,Elsie.Anis@gmail.com,developer
1062,Christian,Roche,Christian.Roche@yopmail.com,Christian.Roche@gmail.com,doctor
1063,Collen,Yorick,Collen.Yorick@yopmail.com,Collen.Yorick@gmail.com,worker
1064,Marline,Pyle,Marline.Pyle@yopmail.com,Marline.Pyle@gmail.com,firefighter
1065,Kara-Lynn,Faust,Kara-Lynn.Faust@yopmail.com,Kara-Lynn.Faust@gmail.com,developer
1066,Berget,Chabot,Berget.Chabot@yopmail.com,Berget.Chabot@gmail.com,doctor
1067,Elbertina,Cynar,Elbertina.Cynar@yopmail.com,Elbertina.Cynar@gmail.com,police officer
1068,Bettine,Parsaye,Bettine.Parsaye@yopmail.com,Bettine.Parsaye@gmail.com,firefighter
1069,Gaylene,Silvan,Gaylene.Silvan@yopmail.com,Gaylene.Silvan@gmail.com,doctor
1070,Nerta,Minetta,Nerta.Minetta@yopmail.com,Nerta.Minetta@gmail.com,developer
1071,Lexine,Ortrude,Lexine.Ortrude@yopmail.com,Lexine.Ortrude@gmail.com,doctor
1072,Ottilie,Huggins,Ottilie.Huggins@yopmail.com,Ottilie.Huggins@gmail.com,firefighter
1073,Emylee,Reidar,Emylee.Reidar@yopmail.com,Emylee.Reidar@gmail.com,police officer
1074,Lauryn,Rooney,Lauryn.Rooney@yopmail.com,Lauryn.Rooney@gmail.com,doctor
1075,Dorene,Wiener,Dorene.Wiener@yopmail.com,Dorene.Wiener@gmail.com,worker
1076,Cindelyn,Gert,Cindelyn.Gert@yopmail.com,Cindelyn.Gert@gmail.com,police officer
1077,Jean,Herrera,Jean.Herrera@yopmail.com,Jean.Herrera@gmail.com,police officer
1078,Lisette,Anestassia,Lisette.Anestassia@yopmail.com,Lisette.Anestassia@gmail.com,worker
1079,Anthia,Brotherson,Anthia.Brotherson@yopmail.com,Anthia.Brotherson@gmail.com,developer
1080,Rani,Salchunas,Rani.Salchunas@yopmail.com,Rani.Salchunas@gmail.com,firefighter
1081,Eadie,Rustice,Eadie.Rustice@yopmail.com,Eadie.Rustice@gmail.com,developer
1082,Lorie,Maples,Lorie.Maples@yopmail.com,Lorie.Maples@gmail.com,doctor
1083,Fanchon,Jacobah,Fanchon.Jacobah@yopmail.com,Fanchon.Jacobah@gmail.com,doctor
1084,Ermengarde,Vastah,Ermengarde.Vastah@yopmail.com,Ermengarde.Vastah@gmail.com,doctor
1085,Kalina,Gino,Kalina.Gino@yopmail.com,Kalina.Gino@gmail.com,police officer
1086,Joeann,Noelyn,Joeann.Noelyn@yopmail.com,Joeann.Noelyn@gmail.com,worker
1087,Rani,Septima,Rani.Septima@yopmail.com,Rani.Septima@gmail.com,developer
1088,Miquela,Gert,Miquela.Gert@yopmail.com,Miquela.Gert@gmail.com,developer
1089,Bernie,Narton,Bernie.Narton@yopmail.com,Bernie.Narton@gmail.com,doctor
1090,Ardeen,Sherfield,Ardeen.Sherfield@yopmail.com,Ardeen.Sherfield@gmail.com,worker
1091,Myrtice,Brittani,Myrtice.Brittani@yopmail.com,Myrtice.Brittani@gmail.com,doctor
1092,Alie,Kirbee,Alie.Kirbee@yopmail.com,Alie.Kirbee@gmail.com,doctor
1093,Amalie,Wind,Amalie.Wind@yopmail.com,Amalie.Wind@gmail.com,police officer
1094,Christal,Rese,Christal.Rese@yopmail.com,Christal.Rese@gmail.com,police officer
1095,Shel,Greenwald,Shel.Greenwald@yopmail.com,Shel.Greenwald@gmail.com,police officer
1096,Florie,Angelis,Florie.Angelis@yopmail.com,Florie.Angelis@gmail.com,doctor
1097,Dagmar,Hunfredo,Dagmar.Hunfredo@yopmail.com,Dagmar.Hunfredo@gmail.com,police officer
1098,Oralee,Tarrant,Oralee.Tarrant@yopmail.com,Oralee.Tarrant@gmail.com,developer
1099,Ericka,Dreda,Ericka.Dreda@yopmail.com,Ericka.Dreda@gmail.com,worker